FrameIndex,TimeSec,LevelIndex,CPU_Frame_Total,CPU_Update_Total,CPU_Render_Total,CPU_BeginDraw,CPU_Draw_Total,CPU_Renderer_Draw,CPU_Level_Render,CPU_Present,CPU_Render_Priority,CPU_Render_Shadow,CPU_Render_NonBlend,CPU_Render_OutlineMask,CPU_Render_Lights,CPU_Render_Combined,CPU_Render_PostProcess,CPU_Render_NonLight,CPU_Render_Blend,CPU_Render_UI,CPU_Render_Debug,CPU_RenderProfile_BindAndDraw,CPU_Model_BindBoneMatrices,CPU_Mesh_BindBoneMatrices,CPU_Model_BindMaterial,CPU_Draw_Text,CPU_Render_ProfilerOverlay,GPU_Frame_Total,GPU_Render_Shadow,GPU_Render_NonBlend,GPU_Render_Lights,GPU_Render_Combined,GPU_Render_Blend,GPU_Render_UI,DrawCalls_Total,DrawCalls_Shadow,DrawCalls_NonBlend,Triangles_Total,Triangles_Shadow,Triangles_NonBlend,Objects_Shadow,Objects_NonBlend,ShaderBeginCount,MaterialBindCount,TextureBindCount,TextDrawCalls
26,0.0206761,3,23.2926,5.5722,17.7162,0.0034,17.3903,17.1332,0.2522,0.3194,0.0321,5.2154,7.0749,4.7014,0.0251,0.019,0.0122,0.0003,0.0015,0.0011,0.0439,6.4058,5.5814,5.5085,0.5285,0.0441,0,1.86368,0.92964,0.64168,0.13208,0.06376,0,0,480,189,200,1004079,427719,515877,13,15,480,1114,1134,1
27,0.0379653,3,16.9082,2.0682,14.8364,0.0016,14.545,14.207,0.3327,0.2854,0.0206,4.0512,5.6151,4.3666,0.0303,0.0271,0.0191,0.0006,0.0021,0.0023,0.0658,4.9977,5.172,5.1062,0.4751,0.0529,0,1.61244,0.936,0.39036,0.13208,0.06044,4e-05,0,480,189,200,1004079,427719,515877,13,15,480,1114,1134,1
28,0.0594643,3,21.2643,2.6913,18.5699,0.0025,18.2545,17.7698,0.4805,0.3102,0.0325,4.5146,8.0756,4.8043,0.134,0.0234,0.0137,0.0005,0.0017,0.0021,0.161,7.3179,5.5636,5.4909,0.6275,0.0442,0,2.57832,0.99216,1.303,0.132,0.05932,0,0,480,189,200,1004079,427719,515877,13,15,480,1114,1134,1
29,0.0805148,3,20.7664,2.0855,18.6773,0.0023,18.3572,18.0651,0.2878,0.3146,0.0213,6.0303,7.1633,4.6878,0.0444,0.0351,0.0204,0.0007,0.0019,0.0022,0.0506,6.3945,5.6306,5.5504,0.6937,0.0505,0,1.71152,1.00796,0.41904,0.13192,0.05928,0,0,480,189,200,1004079,427719,515877,13,15,480,1114,1134,1
30,0.102542,3,21.8052,2.2734,19.5279,0.0025,19.1344,18.801,0.328,0.3876,0.0268,5.976,7.4108,5.2067,0.0432,0.0346,0.0192,0.0007,0.0021,0.0026,0.0706,6.6165,5.4606,5.3865,0.8186,0.0686,0,2.41308,1.70976,0.41912,0.1324,0.05948,0,0,480,189,200,1004079,427719,515877,13,15,480,1114,1134,1
31,0.124179,3,21.1733,2.8009,18.3687,0.0023,18.0296,17.7724,0.2525,0.3334,0.0283,6.132,7.8088,3.6953,0.024,0.0191,0.0124,0.0005,0.0013,0.0016,0.0435,7.0272,5.8701,5.7914,0.6211,0.0442,0,2.40636,1.61304,0.4464,0.18708,0.05972,0,0,480,189,200,1004079,427719,515877,13,15,480,1114,1134,1
32,0.143546,3,19.0088,2.008,16.9978,0.0017,16.4452,15.7414,0.699,0.548,0.02,4.1626,6.9468,4.4233,0.0382,0.0315,0.0171,0.0008,0.0018,0.0021,0.0901,6.1924,5.6117,5.5372,0.6497,0.1397,0,1.61372,0.93176,0.39784,0.132,0.06008,0,0,480,189,200,1004079,427719,515877,13,15,480,1114,1134,1
33,0.164681,3,20.7054,2.2764,18.4257,0.002,18.0674,17.7788,0.2844,0.3536,0.0214,5.8123,7.9782,3.8421,0.0329,0.0212,0.0125,0.0005,0.0016,0.0017,0.0485,7.0956,5.2502,5.1803,0.877,0.0482,0,2.42264,1.71852,0.42076,0.13216,0.05924,0,0,480,189,200,1004079,427719,515877,13,15,480,1114,1134,1
34,0.188342,3,23.202,3.1089,20.0885,0.0025,19.5824,19.189,0.3881,0.5002,0.0268,5.6133,7.6163,5.7574,0.0434,0.0318,0.0186,0.0008,0.0019,0.0021,0.0687,6.9185,6.4061,6.3145,0.6264,0.0729,0,2.68728,1.98348,0.41804,0.13232,0.05952,4e-05,0,480,189,200,1004079,427719,515877,13,15,480,1114,1134,1
35,0.208321,3,19.6142,2.6422,16.9684,0.0026,16.522,16.1457,0.3703,0.4405,0.0236,5.1766,6.4919,4.3153,0.0343,0.021,0.014,0.0005,0.0014,0.0015,0.0593,5.7746,5.4962,5.4211,0.5281,0.0786,0,2.44872,0.93604,1.22844,0.13244,0.0592,0,0,480,189,200,1004079,427719,515877,13,15,480,1114,1134,1
36,0.231742,3,22.8733,3.0398,19.83,0.0024,19.2675,18.7521,0.5105,0.5573,0.0235,5.0145,8.7922,4.6628,0.0786,0.0258,0.0669,0.0006,0.0014,0.0226,0.054,7.9712,5.9844,5.8951,0.7705,0.0578,0,3.06768,2.36136,0.422,0.13208,0.05936,0,0,480,189,200,1004079,427719,515877,13,15,480,1114,1134,1
37,0.253017,3,21.0755,2.293,18.7794,0.0023,18.3537,18.0515,0.2971,0.4205,0.026,5.9893,7.5586,4.3508,0.0358,0.0205,0.0119,0.0005,0.0014,0.002,0.0481,6.7151,5.5738,5.4944,0.795,0.0498,0,2.40972,1.7066,0.419,0.13228,0.05924,0,0,480,189,200,1004079,427719,515877,13,15,480,1114,1134,1
38,0.277275,3,22.7054,2.9738,19.7279,0.0024,19.1572,18.7983,0.3535,0.5654,0.0244,4.8341,8.6468,5.1318,0.0425,0.0273,0.0167,0.0005,0.0024,0.0022,0.0631,7.9012,6.0204,5.9304,0.7243,0.06,0,3.48596,1.72904,0.50532,0.13176,0.07496,0,0,480,189,200,1004079,427719,515877,13,15,480,1114,1134,1
39,0.297174,3,19.6675,3.3902,16.2739,0.0022,15.7083,15.35,0.3534,0.5602,0.0262,4.7101,6.8324,3.6689,0.0253,0.0197,0.0123,0.0004,0.002,0.0014,0.0451,6.1995,4.9401,4.8818,0.4829,0.1435,0,2.48428,1.77876,0.42156,0.13228,0.0598,0,0,480,189,200,1004079,427719,515877,13,15,480,1114,1134,1
40,0.319442,3,22.0553,2.5304,19.522,0.0022,19.1803,18.778,0.3965,0.3361,0.0257,5.0976,7.9562,5.5244,0.0446,0.0293,0.0187,0.0007,0.002,0.0019,0.0692,7.0866,6.1694,6.0783,0.9205,0.0628,0,1.63496,0.9516,0.39856,0.13216,0.0598,0,0,480,189,200,1004079,427719,515877,13,15,480,1114,1134,1
41,0.341915,3,22.1995,2.5169,19.6785,0.0023,19.3497,19.022,0.3231,0.3231,0.0264,6.0391,7.5694,5.2249,0.0384,0.0284,0.0187,0.0006,0.0021,0.0021,0.0646,6.848,6.4762,6.3695,0.7198,0.0622,0,2.4188,1.71484,0.41452,0.13204,0.0596,0,0,480,189,200,1004079,427719,515877,13,15,480,1114,1134,1
42,0.364829,3,22.7042,3.8545,18.8463,0.0028,18.5078,18.2025,0.3002,0.3324,0.0266,4.3168,8.062,5.6318,0.0413,0.0304,0.0197,0.0006,0.0022,0.002,0.0608,7.3292,6.0294,5.9306,0.6636,0.0482,0,2.51236,1.81252,0.4174,0.13188,0.05952,0,0,480,189,200,1004079,427719,515877,13,15,480,1114,1134,1
43,0.38725,3,22.1773,2.7639,19.4101,0.0023,19.0638,18.7134,0.3455,0.3407,0.0251,5.0757,7.7482,5.6833,0.0491,0.0335,0.0216,0.0005,0.0027,0.0021,0.0638,6.9677,6.1727,6.0868,0.842,0.058,0,2.40312,0.94152,1.17856,0.13232,0.05892,0,0,480,189,200,1004079,427719,515877,13,15,480,1114,1134,1
44,0.408134,3,20.6686,3.1204,17.5445,0.0022,17.154,16.8785,0.2709,0.3849,0.0233,5.3111,6.787,4.6292,0.034,0.0211,0.0123,0.0005,0.0017,0.0012,0.0511,6.1149,5.8191,5.7301,0.6415,0.0516,0,2.48376,0.95168,1.24828,0.13208,0.05948,0,0,480,189,200,1004079,427719,515877,13,15,480,1114,1134,1
45,0.43009,3,21.7594,3.4782,18.2782,0.0023,17.8812,17.5317,0.3442,0.3919,0.0255,4.1907,7.4841,5.6625,0.0429,0.0299,0.0173,0.0006,0.0026,0.0022,0.0664,6.6876,6.225,6.1182,0.7522,0.064,0,2.45004,1.74576,0.41792,0.13224,0.05916,0,0,480,189,200,1004079,427719,515877,13,15,480,1114,1134,1
46,0.45161,3,21.3255,2.4206,18.9021,0.0023,18.5001,18.1758,0.3192,0.3965,0.0275,6.2486,7.6345,4.139,0.0336,0.0214,0.0122,0.0006,0.0016,0.0017,0.0468,6.7101,5.4015,5.33,0.7741,0.0488,0,2.49988,1.79576,0.4218,0.13164,0.05892,0,0,480,189,200,1004079,427719,515877,13,15,480,1114,1134,1
47,0.471617,3,19.7759,2.6554,17.1176,0.0024,16.7039,16.3949,0.3045,0.4079,0.0261,4.7897,7.6673,3.7964,0.0317,0.0195,0.0118,0.0005,0.0013,0.0016,0.0428,6.9303,5.7247,5.649,0.6787,0.0455,0,2.20144,0.93616,0.98204,0.13184,0.05956,0,0,480,189,200,1004079,427719,515877,13,15,480,1114,1134,1
48,0.48976,3,17.9563,2.1894,15.7637,0.002,15.4187,15.0421,0.371,0.34,0.0206,3.9554,6.547,4.3853,0.0306,0.0203,0.012,0.0005,0.0015,0.0017,0.0614,5.7338,5.2939,5.2247,0.6709,0.0663,0,1.62676,0.94424,0.398,0.1322,0.05956,0,0,480,189,200,1004079,427719,515877,13,15,480,1114,1134,1
49,0.512417,3,22.4739,2.4845,19.9863,0.0023,19.0833,18.6164,0.4605,0.8975,0.0259,5.5884,8.0749,4.755,0.043,0.0313,0.0192,0.0006,0.0023,0.0023,0.066,7.286,6.0229,5.924,0.7146,0.1276,0,1.89828,0.97224,0.6346,0.13236,0.05912,0,0,480,189,200,1004079,427719,515877,13,15,480,1114,1134,1
50,0.530432,3,17.7828,2.5763,15.2037,0.0022,14.8782,14.6493,0.2252,0.3202,0.0219,5.3551,5.4075,3.7619,0.026,0.0189,0.0112,0.0005,0.0015,0.001,0.0392,4.8037,4.8363,4.7784,0.454,0.0379,0,2.43404,0.94336,1.20604,0.13224,0.05896,0,4e-05,480,189,200,1004079,427719,515877,13,15,480,1114,1134,1
51,0.552146,3,21.4771,2.3246,19.1492,0.002,18.7765,18.389,0.3823,0.3675,0.0209,4.8922,8.0624,5.2804,0.0317,0.0228,0.0125,0.0005,0.0018,0.0017,0.0544,7.2511,6.6121,6.4956,0.839,0.0657,0,1.78988,0.93592,0.41104,0.13224,0.2146,0,4e-05,480,189,200,1004079,427719,515877,13,15,480,1114,1134,1
52,0.576609,3,24.0696,3.0426,21.0228,0.0023,20.5688,20.195,0.368,0.4483,0.0246,6.4912,8.0798,5.4222,0.0409,0.0322,0.0187,0.0007,0.0025,0.0019,0.0721,7.1655,6.9109,6.7674,0.7791,0.0659,0,2.46576,1.75944,0.4214,0.1322,0.05932,0,0,480,189,200,1004079,427719,515877,13,15,480,1114,1134,1
53,0.602224,3,25.3184,3.1418,22.1728,0.0026,21.7825,21.4004,0.3767,0.3842,0.0258,6.5818,8.8645,5.7564,0.0392,0.0324,0.0193,0.0009,0.0022,0.0023,0.0671,8.0008,6.8693,6.7262,0.9307,0.0604,0,2.42128,1.71488,0.41844,0.13228,0.05932,0,0,480,189,200,1004079,427719,515877,13,15,480,1114,1134,1
54,0.62516,3,22.6851,3.1318,19.5498,0.0026,19.1751,18.8118,0.3574,0.3685,0.0266,5.1778,8.1307,5.299,0.0396,0.0333,0.0179,0.0007,0.0022,0.0022,0.073,7.2075,6.7493,6.6124,0.8219,0.0618,0,1.62528,0.94164,0.39452,0.13188,0.05948,0,0,480,189,200,1004079,427719,515877,13,15,480,1114,1134,1
55,0.647907,3,22.4699,2.832,19.6341,0.0023,19.0551,18.5926,0.4561,0.5731,0.0274,5.2445,8.3722,4.7046,0.0496,0.0419,0.0527,0.0009,0.0031,0.0023,0.082,7.4358,6.2768,6.1486,0.8376,0.0728,0,2.496,1.80808,0.39936,0.13212,0.05996,0,0,480,189,200,1004079,427719,515877,13,15,480,1114,1134,1
56,0.671324,3,23.0524,3.1972,19.851,0.0025,19.494,19.177,0.3108,0.3513,0.0296,5.3528,8.6504,5.0039,0.0326,0.0219,0.012,0.0004,0.0016,0.0013,0.0625,7.6955,6.6884,6.5385,0.8481,0.0603,0,4.4866,3.70908,0.48932,0.13204,0.06028,0,0,480,189,200,1004079,427719,515877,13,15,480,1114,1134,1
57,0.694881,3,23.3624,3.0216,20.3377,0.0026,19.9611,19.5856,0.3699,0.3709,0.0251,5.2336,8.5227,5.6274,0.045,0.0326,0.0164,0.0007,0.0023,0.0023,0.0696,7.6196,6.4195,6.2981,1.0011,0.0608,0,2.1058,1.396,0.42484,0.13208,0.06004,0,0,480,189,200,1004079,427719,515877,13,15,480,1114,1134,1
58,0.718612,3,23.461,3.5573,19.9003,0.0025,19.4666,19.0011,0.4594,0.4279,0.0282,5.539,8.6693,4.5503,0.0501,0.0386,0.023,0.001,0.0034,0.003,0.0847,7.8531,6.7995,6.6635,0.7579,0.092,0,2.42756,0.94032,0.40808,0.13228,0.84336,0,0,480,189,200,1004079,427719,515877,13,15,480,1114,1134,1
59,0.742367,3,23.4765,3.3679,20.1045,0.0025,19.6873,19.2645,0.4151,0.4109,0.0302,5.5162,8.5752,4.9294,0.0506,0.0394,0.0221,0.0008,0.0025,0.0023,0.0858,7.7726,6.6349,6.5127,0.6693,0.0834,0,1.85916,1.14568,0.42748,0.13212,0.05972,4e-05,0,480,189,200,1004079,427719,515877,13,15,480,1114,1134,1
60,0.765443,3,22.7792,3.5066,19.2685,0.0024,18.4183,17.96,0.4526,0.8445,0.0293,5.3189,7.6996,4.7153,0.0527,0.0368,0.0192,0.0007,0.0024,0.0023,0.0737,6.9432,6.0292,5.9413,0.6219,0.0942,0,2.5272,1.8172,0.42256,0.1322,0.05912,0,0,480,189,200,1004079,427719,515877,13,15,480,1114,1134,1
61,0.787138,3,21.4293,2.6831,18.7429,0.0023,18.3132,18.0206,0.2881,0.4242,0.0228,6.2681,7.0125,4.5913,0.0313,0.0201,0.0125,0.0007,0.0017,0.0015,0.0522,6.1886,5.8575,5.7709,0.6926,0.0525,0,2.4586,1.74124,0.43324,0.13208,0.059,0,0,480,189,200,1004079,427719,515877,13,15,480,1114,1134,1
62,0.807891,3,20.5211,2.5699,17.9482,0.0021,17.5631,17.2917,0.2673,0.3799,0.024,4.8335,7.2065,5.1073,0.0323,0.0199,0.0122,0.0005,0.0017,0.0011,0.0471,6.2604,5.4611,5.3866,0.6538,0.0465,0,2.42832,1.72088,0.42228,0.13184,0.05892,4e-05,0,480,189,200,1004079,427719,515877,13,15,480,1114,1134,1
63,0.826835,3,18.7111,2.6788,16.0291,0.0025,15.6174,15.275,0.3367,0.4057,0.0251,4.0078,6.632,4.4454,0.0738,0.0236,0.0133,0.0005,0.0016,0.0012,0.0447,5.8697,5.2793,5.2121,0.6742,0.0655,0,1.63236,0.94492,0.39908,0.132,0.05956,4e-05,0,480,189,200,1004079,427719,515877,13,15,480,1114,1134,1
64,0.848743,3,21.5678,3.0941,18.4695,0.0025,18.0137,17.6423,0.3662,0.4498,0.0217,5.478,7.104,4.8993,0.0358,0.0254,0.015,0.0006,0.0022,0.0021,0.0518,6.3253,5.7518,5.6608,0.6524,0.0609,0,1.71764,0.95168,0.48056,0.13204,0.0592,0,0,480,189,200,1004079,427719,515877,13,15,480,1114,1134,1
65,0.877897,3,28.8641,3.3761,25.4841,0.0029,24.9508,24.5918,0.3528,0.5269,0.0302,10.3954,9.9987,4.0317,0.0359,0.0219,0.0132,0.0005,0.0015,0.002,0.0541,9.1606,5.9007,5.8169,0.9102,0.0701,0,2.48052,1.72428,0.42036,0.13192,0.08712,0,0,480,189,200,1004079,427719,515877,13,15,480,1114,1134,1
66,0.90029,3,22.1379,3.5598,18.5746,0.0024,18.125,17.7332,0.3861,0.4438,0.0302,4.8477,8.1798,4.5053,0.0424,0.0294,0.0172,0.0006,0.0019,0.002,0.0697,7.2324,6.1805,6.0952,0.8118,0.0709,0,1.64516,0.95476,0.4052,0.13212,0.05972,0,0,480,189,200,1004079,427719,515877,13,15,480,1114,1134,1
67,0.9244,3,23.7128,3.4517,20.2566,0.0026,19.8308,19.3826,0.4417,0.4197,0.0307,5.7784,8.1633,5.0325,0.1244,0.1096,0.0226,0.0204,0.0053,0.0023,0.0709,7.3668,6.2641,6.1744,0.7544,0.0704,0,4.02968,3.32076,0.4254,0.132,0.05908,0,0,480,189,200,1004079,427719,515877,13,15,480,1114,1134,1
68,0.946044,3,21.2868,3.0825,18.2007,0.0024,17.8748,17.5272,0.3423,0.3206,0.0222,4.2076,8.3704,4.7794,0.0393,0.0253,0.016,0.0006,0.0019,0.0017,0.0559,7.6206,5.4596,5.3847,0.7102,0.0632,0,2.44664,1.74068,0.4224,0.13192,0.05916,0,0,480,189,200,1004079,427719,515877,13,15,480,1114,1134,1
69,0.966341,3,20.0987,2.6249,17.4707,0.0026,17.1348,16.8713,0.259,0.3297,0.027,6.0766,6.9656,3.6844,0.0312,0.02,0.0122,0.0005,0.002,0.0013,0.0449,6.1581,5.283,5.2122,0.6443,0.044,0,1.62024,0.93736,0.399,0.13244,0.05924,0,0,480,189,200,1004079,427719,515877,13,15,480,1114,1134,1
70,0.987587,3,21.0122,3.127,17.8815,0.0026,17.3742,16.9187,0.4501,0.5012,0.026,4.6382,6.6041,5.5242,0.0354,0.0206,0.0125,0.0005,0.0018,0.0016,0.0476,5.9442,5.3611,5.2914,0.5061,0.0575,0,2.19396,1.48468,0.41964,0.13204,0.05976,0,0,480,189,200,1004079,427719,515877,13,15,480,1114,1134,1
71,1.00828,3,20.3271,3.1661,17.1572,0.0024,16.8359,16.425,0.4057,0.3153,0.0246,4.9973,6.5689,4.6521,0.046,0.0342,0.0197,0.0006,0.0024,0.0021,0.0701,5.8955,5.2875,5.2151,0.5444,0.0635,0,2.42628,1.71872,0.41996,0.1322,0.06012,0,4e-05,480,189,200,1004079,427719,515877,13,15,480,1114,1134,1
72,1.02949,3,21.0124,3.6463,17.363,0.0019,17.0299,16.7724,0.2533,0.3283,0.0215,4.149,7.0245,5.4505,0.0356,0.0216,0.0127,0.0007,0.0016,0.0019,0.0472,6.2462,5.9154,5.8129,0.6841,0.049,0,2.5038,1.79688,0.4226,0.13192,0.05916,0,0,480,189,200,1004079,427719,515877,13,15,480,1114,1134,1
73,1.0509,3,21.2099,2.5079,18.6993,0.0025,18.3924,18.1428,0.2453,0.302,0.0226,5.9019,8.2662,3.8246,0.0343,0.0217,0.0136,0.0006,0.0016,0.0015,0.0482,7.3282,5.7465,5.6706,0.9582,0.0494,0,1.62824,0.94188,0.40044,0.1324,0.06,0,0,480,189,200,1004079,427719,515877,13,15,480,1114,1134,1
74,1.07124,3,20.1404,2.7274,17.4093,0.0021,16.9811,16.5854,0.3906,0.4222,0.0222,4.7912,7.3566,4.2535,0.0448,0.0341,0.0154,0.0005,0.0017,0.0012,0.0579,6.648,5.926,5.839,0.5866,0.067,0,1.70316,0.93924,0.47288,0.1322,0.06004,4e-05,0,480,189,200,1004079,427719,515877,13,15,480,1114,1134,1
75,1.09219,3,20.5996,3.3116,17.284,0.0025,16.9025,16.3395,0.5582,0.3759,0.0239,5.6152,6.195,4.371,0.0356,0.0227,0.0135,0.0005,0.0019,0.0018,0.0519,5.4966,5.6012,5.5275,0.5758,0.1494,0,1.629,0.94636,0.39736,0.13184,0.06068,0,0,480,189,200,1004079,427719,515877,13,15,480,1114,1134,1
76,1.11417,3,21.677,3.3781,18.2952,0.0022,17.9988,17.6888,0.3059,0.2912,0.0223,4.0891,8.2255,5.2278,0.0359,0.0204,0.012,0.0005,0.0019,0.0016,0.0466,7.4815,5.6345,5.5522,0.6766,0.0478,0,3.10044,0.9494,1.86776,0.132,0.05908,0,0,480,189,200,1004079,427719,515877,13,15,480,1114,1134,1
77,1.13391,3,19.5492,2.5396,17.0071,0.0021,16.7025,16.3996,0.298,0.2996,0.0212,4.7889,7.6194,3.7976,0.0384,0.03,0.0179,0.0006,0.002,0.014,0.0631,6.7793,5.5589,5.4686,0.8222,0.0468,0,2.45344,0.93828,0.4076,0.1324,0.87652,0,0,480,189,200,1004079,427719,515877,13,15,480,1114,1134,1
78,1.15546,3,21.3522,2.7674,18.5815,0.0025,18.1734,17.8665,0.3018,0.4019,0.0247,4.6286,7.2662,5.8286,0.0309,0.0212,0.0122,0.0005,0.0015,0.0015,0.0452,6.5508,5.8578,5.7716,0.5259,0.0581,0,2.41816,0.9484,1.18252,0.13236,0.05996,4e-05,0,480,189,200,1004079,427719,515877,13,15,480,1114,1134,1
79,1.17523,3,19.5706,2.5627,17.0051,0.0023,16.3443,15.9428,0.3958,0.6552,0.0221,4.9971,6.391,4.3937,0.0322,0.0232,0.0154,0.0005,0.0014,0.0014,0.0592,5.636,5.4892,5.4131,0.5815,0.0694,0,2.5426,0.95072,0.4114,0.13236,0.94832,0,0,480,189,200,1004079,427719,515877,13,15,480,1114,1134,1
80,1.19573,3,20.2303,3.2575,16.9695,0.0022,16.6533,16.2179,0.431,0.3109,0.0226,4.0652,6.9436,4.9308,0.0655,0.0202,0.0129,0.0005,0.0016,0.0015,0.1461,6.1473,5.5093,5.4375,0.682,0.0442,0,2.9304,2.22052,0.42704,0.13224,0.05892,0,0,480,189,200,1004079,427719,515877,13,15,480,1114,1134,1
81,1.2176,3,21.5787,2.4652,19.1097,0.0024,18.7092,18.3262,0.3777,0.3945,0.0271,6.4398,7.53,4.1935,0.0314,0.0242,0.015,0.0005,0.0022,0.0021,0.054,6.6999,5.9286,5.8446,0.7748,0.1222,0,1.71616,1.00804,0.42076,0.13212,0.0594,0,0,480,189,200,1004079,427719,515877,13,15,480,1114,1134,1
82,1.23764,3,19.7633,3.0589,16.7,0.0026,16.2786,15.8975,0.3764,0.4151,0.0271,5.2557,6.3809,4.1006,0.0401,0.0221,0.0132,0.0005,0.0017,0.0022,0.0474,5.7547,5.6483,5.569,0.4821,0.0586,0,1.69396,0.9342,0.47564,0.132,0.05988,0,0,480,189,200,1004079,427719,515877,13,15,480,1114,1134,1
83,1.25306,3,15.0895,2.9124,12.173,0.0022,11.8631,11.3691,0.49,0.3046,0.0245,3.9589,3.5676,3.5818,0.0374,0.0257,0.052,0.0013,0.003,0.0017,0.1083,3.0742,3.7612,3.7072,0.2259,0.0689,0,2.20728,0.94176,0.90716,0.13392,0.07352,0,0,316,159,96,639778,403747,199520,9,11,316,494,514,1
84,1.26824,3,14.9637,2.7952,12.1654,0.0024,11.7756,11.4257,0.345,0.3844,0.0244,3.5573,5.0803,2.617,0.0342,0.0267,0.0165,0.0006,0.0019,0.0017,0.0586,4.4177,3.8905,3.8339,0.3632,0.0583,0,2.69608,1.35588,1.04188,0.1324,0.07,0,0,316,159,96,639778,403747,199520,9,11,316,494,514,1
85,1.28319,3,14.6815,2.6211,12.0575,0.0022,11.7374,11.4203,0.3124,0.3151,0.0228,3.5921,5.1207,2.5616,0.0305,0.0214,0.0133,0.0005,0.0015,0.0014,0.0475,4.3211,3.8773,3.8216,0.4675,0.0564,0,2.67584,1.30916,1.06996,0.1324,0.06944,4e-05,0,316,159,96,639778,403747,199520,9,11,316,494,514,1
86,1.29834,3,14.9561,2.7408,12.2125,0.0026,11.9382,11.595,0.3382,0.2685,0.0261,3.3399,4.4923,3.5758,0.0391,0.0286,0.0186,0.0006,0.0028,0.0021,0.0613,3.869,3.9708,3.9,0.4415,0.0539,0,2.76208,2.19448,0.27012,0.13232,0.06936,0,0,316,159,96,639778,403747,199520,9,11,316,494,514,1
87,1.31346,3,14.9303,2.5565,12.3708,0.0025,11.9479,11.608,0.3348,0.4169,0.0264,4.4292,4.0741,2.9258,0.0388,0.0287,0.0154,0.0006,0.0025,0.002,0.0577,3.476,3.645,3.5903,0.2787,0.0567,0,2.71588,1.30564,1.11256,0.13236,0.06948,0,0,316,159,96,639778,403747,199520,9,11,316,494,514,1
88,1.33487,3,21.0609,3.3111,17.746,0.0024,17.3902,16.9777,0.4059,0.3498,0.032,4.8774,7.0831,4.8217,0.046,0.0256,0.0172,0.0008,0.0023,0.0022,0.0619,6.4572,3.8235,3.7657,0.3557,0.0719,0,2.6554,2.08232,0.2752,0.13244,0.06956,0,0,316,159,96,639778,403747,199520,9,11,316,494,514,1
89,1.35008,3,14.8764,3.4143,11.4589,0.0024,11.1132,10.7259,0.3816,0.3405,0.023,2.8155,4.6513,3.0686,0.0406,0.0307,0.0171,0.0007,0.0021,0.0021,0.0673,3.9892,3.1737,3.134,0.2614,0.061,0,2.724,2.15376,0.27404,0.13244,0.06876,0,0,316,159,96,639778,403747,199520,9,11,316,494,514,1
90,1.36605,3,15.7246,3.3492,12.3723,0.0025,12.0007,11.6182,0.3769,0.3657,0.0275,4.1292,4.2696,3.0401,0.0389,0.0265,0.0154,0.0006,0.0017,0.0021,0.0597,3.7432,3.7624,3.6891,0.2501,0.0564,0,2.77476,1.29712,1.17708,0.13372,0.06996,0,0,316,159,96,639778,403747,199520,9,11,316,494,514,1
91,1.38061,3,14.2822,2.678,11.5998,0.0023,11.3161,11.0118,0.2992,0.2787,0.0255,3.3471,4.9719,2.55,0.0284,0.0207,0.013,0.0005,0.0014,0.0015,0.0456,4.3181,3.6887,3.6344,0.3363,0.0585,0,1.93084,1.30356,0.32888,0.13248,0.0698,0,0,316,159,96,639778,403747,199520,9,11,316,494,514,1
92,1.39656,3,15.4653,2.7384,12.7233,0.0023,12.4467,12.0578,0.3839,0.2708,0.026,4.0103,4.4389,3.2637,0.1078,0.0262,0.0158,0.0005,0.0021,0.002,0.1575,3.8638,4.1554,4.0946,0.3516,0.0558,0,4.41796,3.8414,0.2664,0.12792,0.06788,0,0,316,159,96,639778,403747,199520,9,11,316,494,514,1
93,1.41222,3,15.1589,2.4758,12.6793,0.0025,12.2954,11.9036,0.3861,0.3782,0.0251,4.1503,4.562,2.9923,0.0524,0.0301,0.0199,0.0005,0.0035,0.0019,0.0592,3.9296,3.792,3.7367,0.346,0.0694,0,2.01676,1.31596,0.26412,0.12696,0.1996,0,0,316,159,96,639778,403747,199520,9,11,316,494,514,1
94,1.42747,3,14.4342,3.1139,11.3169,0.0024,11.0175,10.6549,0.3577,0.2941,0.0238,3.3981,4.1409,2.8466,0.0536,0.0792,0.0585,0.0005,0.0018,0.0017,0.0445,3.5802,3.7765,3.7218,0.2934,0.0605,0,2.00156,1.29256,0.33572,0.1318,0.12504,0,0,316,159,96,639778,403747,199520,9,11,316,494,514,1
95,1.44414,3,15.8299,2.8895,12.9366,0.0023,12.5183,12.0248,0.488,0.413,0.0223,3.1556,5.651,3.0038,0.0407,0.0304,0.0177,0.0006,0.0022,0.0026,0.0896,5.0443,3.9227,3.8613,0.3411,0.1545,0,2.66064,1.31028,1.05176,0.13248,0.06912,0,0,316,159,96,639778,403747,199520,9,11,316,494,514,1
96,1.46078,3,15.9932,3.3228,12.666,0.0023,12.3742,11.9988,0.371,0.2862,0.0248,3.8677,5.1784,2.7573,0.0423,0.0293,0.0178,0.0007,0.0019,0.0024,0.0685,4.5584,3.837,3.78,0.3495,0.0626,0,2.61228,2.05792,0.26728,0.1278,0.06712,0,0,316,159,96,639778,403747,199520,9,11,316,494,514,1
97,1.47653,3,14.9282,3.5363,11.3882,0.0023,11.0616,10.6906,0.366,0.3214,0.0241,3.1273,4.4813,2.9044,0.0394,0.0281,0.0158,0.0006,0.0018,0.0019,0.059,3.9458,3.6041,3.5525,0.2591,0.0663,0,3.22704,2.66464,0.27108,0.1298,0.06764,0,0,316,159,96,639778,403747,199520,9,11,316,494,514,1
98,1.49177,3,14.7016,3.2544,11.4436,0.0025,11.0459,10.7125,0.3279,0.3922,0.0256,4.0147,3.738,2.7725,0.0393,0.031,0.0183,0.0005,0.0024,0.0019,0.0592,3.2024,3.6671,3.6077,0.2522,0.0572,0,2.53044,1.99564,0.25636,0.12344,0.0654,0,0,316,159,96,639778,403747,199520,9,11,316,494,514,1
99,1.50884,3,16.3456,3.3038,13.0379,0.0028,12.6776,12.2458,0.4255,0.3538,0.0319,4.1764,4.7438,3.1151,0.0432,0.0246,0.0156,0.0006,0.0071,0.0022,0.0771,4.1521,4.011,3.9466,0.2816,0.0845,0,2.03836,1.30384,0.41876,0.13068,0.06872,0,0,316,159,96,639778,403747,199520,9,11,316,494,514,1
100,1.52594,3,16.5276,2.9257,13.5982,0.0024,13.2875,12.9718,0.3111,0.3054,0.0227,3.8538,5.1124,3.8218,0.0454,0.0374,0.0141,0.0006,0.0016,0.0017,0.0532,4.4734,4.3532,4.2832,0.371,0.048,0,2.46776,1.93928,0.25588,0.12,0.06412,0,0,316,159,96,639778,403747,199520,9,11,316,494,514,1
101,1.5407,3,14.1856,2.5968,11.5851,0.0023,11.252,11.0035,0.2436,0.3275,0.0262,3.6128,4.8324,2.4298,0.0229,0.0181,0.0112,0.0003,0.0013,0.0013,0.0417,4.2979,3.9778,3.9147,0.3138,0.0418,0,2.4266,1.20104,0.95684,0.119,0.06392,0,0,316,159,96,639778,403747,199520,9,11,316,494,514,1
102,1.55271,3,11.5379,2.3136,9.2208,0.002,8.9829,8.7385,0.2402,0.2332,0.0217,2.7641,3.4591,2.3821,0.027,0.0224,0.0117,0.0004,0.0015,0.0014,0.0414,2.9678,3.1969,3.1583,0.2075,0.045,0,1.71,1.20196,0.2338,0.12208,0.06508,0,0,316,159,96,639778,403747,199520,9,11,316,494,514,1
103,1.56761,3,14.3265,2.8445,11.4783,0.0022,11.2175,10.9809,0.2319,0.2558,0.0251,3.1638,4.9417,2.7219,0.0326,0.0215,0.0139,0.0005,0.0021,0.0064,0.0449,4.2582,3.4753,3.423,0.3834,0.0414,0,1.93144,1.30164,0.3318,0.13216,0.06956,0,0,316,159,96,639778,403747,199520,9,11,316,494,514,1
104,1.58439,3,16.3331,2.9329,13.3965,0.0023,13.1144,12.8044,0.305,0.2769,0.024,4.6856,4.3902,3.5165,0.0297,0.0256,0.0166,0.0098,0.0219,0.0127,0.0554,3.8447,4.046,3.9859,0.329,0.054,0,2.64772,1.3128,1.04036,0.1324,0.0682,0,0,316,159,96,639778,403747,199520,9,11,316,494,514,1
105,1.59965,3,14.8261,2.3488,12.4739,0.0021,12.095,11.719,0.3714,0.3741,0.0219,4.0963,4.4235,2.9266,0.0348,0.0257,0.0262,0.0083,0.0099,0.0015,0.1312,3.7867,3.4781,3.4309,0.3043,0.0532,0,2.6918,1.30796,1.08692,0.13288,0.0692,0,0,316,159,96,639778,403747,199520,9,11,316,494,514,1
106,1.61532,3,15.1294,2.9609,12.1651,0.0023,11.782,11.4288,0.3477,0.3779,0.0243,2.7932,3.9706,4.465,0.0383,0.0355,0.0213,0.0007,0.0025,0.002,0.0675,3.4215,3.7681,3.7171,0.2504,0.0497,0,1.88416,1.31516,0.27352,0.13252,0.06844,0,0,316,159,96,639778,403747,199520,9,11,316,494,514,1
107,1.63109,3,15.3287,3.7326,11.5928,0.0024,11.2877,10.9424,0.3405,0.2999,0.0227,2.7317,4.5792,3.4571,0.0361,0.028,0.0167,0.0007,0.0022,0.0021,0.059,4.0299,3.5297,3.4869,0.2776,0.0587,0,2.75068,2.17588,0.27496,0.13228,0.0694,0,0,316,159,96,639778,403747,199520,9,11,316,494,514,1
108,1.64614,3,14.5712,2.713,11.855,0.002,11.5645,11.2534,0.3066,0.2855,0.0207,3.5332,3.7808,3.8043,0.0287,0.0217,0.0121,0.0005,0.0014,0.0013,0.0433,3.3052,3.4004,3.3551,0.2114,0.0553,0,2.55008,1.2088,1.07084,0.1202,0.06412,0,0,316,159,96,639778,403747,199520,9,11,316,494,514,1
109,1.66181,3,15.0956,2.8217,12.2704,0.0021,12.032,11.8041,0.2242,0.2337,0.0247,3.9779,4.0485,3.6534,0.023,0.0178,0.0112,0.0004,0.0013,0.0013,0.0391,3.5327,3.6225,3.567,0.2815,0.0393,0,2.30636,1.80208,0.24536,0.11436,0.06192,0,0,316,159,96,639778,403747,199520,9,11,316,494,514,1
110,1.67476,3,12.308,2.1401,10.1641,0.002,9.9093,9.5586,0.3459,0.2501,0.0198,2.7106,3.7261,2.9294,0.0379,0.0343,0.0171,0.0009,0.002,0.0015,0.072,3.1878,3.4599,3.4144,0.2393,0.0539,0,1.6528,1.16552,0.22616,0.11472,0.06264,0,0,316,159,96,639778,403747,199520,9,11,316,494,514,1
111,1.68945,3,14.2645,2.7746,11.4866,0.0022,11.241,10.8979,0.3383,0.2406,0.0205,3.2855,4.2837,3.1681,0.0351,0.0264,0.0156,0.0007,0.0026,0.002,0.051,3.7743,3.4462,3.4036,0.2347,0.0573,0,2.71256,2.13848,0.27656,0.13256,0.06928,0,0,317,159,97,645630,403747,205372,9,11,317,501,521,1
112,1.70529,3,15.3684,2.7153,12.6492,0.0021,12.323,11.957,0.3613,0.3207,0.0512,4.2181,3.578,3.9955,0.0267,0.0191,0.0111,0.0004,0.0016,0.0015,0.0481,3.0795,3.743,3.691,0.2265,0.0463,0,2.582,1.25724,0.23916,0.12588,0.06624,0,0,317,159,97,645630,403747,205372,9,11,317,501,521,1
113,1.72267,3,16.8604,2.96,13.8964,0.0023,13.2894,12.9326,0.3514,0.6011,0.0246,4.567,4.2104,4.015,0.0304,0.0197,0.012,0.0005,0.0014,0.0014,0.0438,3.6216,4.2013,4.1246,0.2828,0.0667,0,1.95444,1.21748,0.38144,0.12048,0.12584,0,0,317,159,97,645630,403747,205372,9,11,317,501,521,1
114,1.73909,3,15.9109,3.0925,12.8147,0.0024,12.4792,12.2056,0.2692,0.3301,0.0226,3.801,4.3826,3.8644,0.0391,0.0235,0.0128,0.0006,0.002,0.0019,0.0485,3.8372,3.7242,3.6662,0.3006,0.044,0,2.47084,1.93672,0.2606,0.12052,0.06476,0,0,317,159,97,645630,403747,205372,9,11,317,501,521,1
115,1.75485,3,15.1996,2.5797,12.616,0.0025,12.318,12.0796,0.2338,0.2925,0.0241,3.6134,4.6539,3.6832,0.0241,0.0193,0.0121,0.0004,0.0015,0.0013,0.0408,4.0619,3.6723,3.6091,0.2801,0.0421,0,2.39336,1.87624,0.25256,0.11672,0.06284,0,0,317,159,97,645630,403747,205372,9,11,317,501,521,1
116,1.76664,3,11.3114,2.3426,8.9655,0.0019,8.6821,8.4722,0.2062,0.279,0.0221,2.6729,3.3583,2.332,0.0179,0.0161,0.0094,0.0003,0.0013,0.001,0.0362,2.8881,3.0844,3.0491,0.1972,0.0351,0,1.60876,1.13184,0.2218,0.11168,0.0612,0,0,317,159,97,645630,403747,205372,9,11,317,501,521,1
117,1.78127,3,14.1629,2.6058,11.553,0.0026,11.2672,10.7665,0.4957,0.2799,0.0262,3.2242,3.801,3.6024,0.026,0.0195,0.0116,0.0008,0.0015,0.0017,0.0464,3.275,3.8109,3.7571,0.2423,0.0446,0,1.92456,1.29924,0.32716,0.13244,0.0698,0,0,317,159,97,645630,403747,205372,9,11,317,501,521,1
118,1.79652,3,14.7784,1.9784,12.7967,0.0022,12.4241,11.7362,0.663,0.3647,0.0227,4.3027,4.5994,2.7016,0.0304,0.0178,0.0114,0.0005,0.0015,0.0016,0.0412,4.0706,3.549,3.4985,0.2686,0.1324,0,2.69156,2.0888,0.28416,0.13244,0.06892,0,0,317,159,97,645630,403747,205372,9,11,317,501,521,1
119,1.81195,3,14.7599,2.9365,11.82,0.0029,11.4452,11.1442,0.2959,0.3685,0.0272,2.7826,3.8283,4.3909,0.033,0.0191,0.0108,0.0005,0.0014,0.0016,0.0427,3.2911,3.3865,3.3408,0.2616,0.0482,0,2.79168,2.07952,0.28044,0.13224,0.18112,0,0,317,159,97,645630,403747,205372,9,11,317,501,521,1
120,1.82799,3,15.5295,3.7462,11.7792,0.0028,11.3069,10.9485,0.3527,0.4661,0.0256,2.9603,4.4258,3.3764,0.0379,0.0288,0.0174,0.0006,0.0018,0.003,0.0638,3.8962,3.3584,3.315,0.2688,0.0629,0,2.6628,2.08264,0.2842,0.13192,0.0688,0,4e-05,317,159,97,645630,403747,205372,9,11,317,501,521,1
121,1.84374,3,15.1322,2.6171,12.5113,0.0026,12.0884,11.7271,0.3561,0.4167,0.0269,4.0033,4.121,3.4431,0.0326,0.0202,0.0157,0.0006,0.0014,0.0015,0.0543,3.6336,3.5793,3.5292,0.2254,0.0576,0,1.81276,1.19332,0.32988,0.11832,0.06408,0,0,317,159,97,645630,403747,205372,9,11,317,501,521,1
122,1.85897,3,14.7016,2.5506,12.1475,0.0025,11.9155,11.6862,0.2252,0.2269,0.0225,3.7546,4.1537,3.6517,0.022,0.018,0.0118,0.0004,0.0013,0.001,0.0439,3.6476,3.6303,3.5681,0.2603,0.0389,0,2.31884,1.15612,0.90352,0.114,0.06128,0,0,317,159,97,645630,403747,205372,9,11,317,501,521,1
123,1.87101,3,11.6049,2.1717,9.4297,0.0021,9.1615,8.8504,0.3066,0.2628,0.0209,2.6787,3.5293,2.4857,0.0346,0.0276,0.0187,0.0007,0.0023,0.002,0.0439,2.9816,3.1821,3.1439,0.2201,0.0426,0,1.59744,1.12088,0.22088,0.11148,0.06148,0,0,317,159,97,645630,403747,205372,9,11,317,501,521,1
124,1.88544,3,13.8977,2.3793,11.5149,0.0021,11.2329,10.9877,0.2414,0.277,0.0208,3.5091,4.6919,2.6528,0.0292,0.0195,0.0118,0.0005,0.0015,0.002,0.0431,4.1123,3.7761,3.7257,0.312,0.0439,0,2.65244,2.06696,0.28612,0.13268,0.0698,0,0,317,159,97,645630,403747,205372,9,11,317,501,521,1
125,1.90049,3,14.4011,2.2615,12.1363,0.0023,11.4118,11.1043,0.3031,0.7193,0.0209,3.2352,5.1469,2.5848,0.028,0.0204,0.0138,0.0005,0.0022,0.0017,0.0445,4.2767,3.5952,3.5492,0.3998,0.0465,0,2.37908,1.80664,0.28,0.12996,0.06756,0,0,317,159,97,645630,403747,205372,9,11,317,501,521,1
126,1.91599,3,15.2838,2.1541,13.1264,0.0025,12.5565,12.1046,0.4481,0.565,0.0214,2.9587,5.4282,3.502,0.0818,0.0429,0.0124,0.0005,0.0015,0.0016,0.0471,4.8635,3.8937,3.8146,0.2552,0.0427,0,1.92404,1.3466,0.2812,0.13164,0.06872,0,0,318,159,98,645648,403747,205390,9,11,318,508,528,1
127,1.93139,3,15.2074,2.2703,12.9341,0.0024,12.4629,12.0892,0.3688,0.4654,0.0211,2.8956,4.812,3.989,0.058,0.1052,0.0396,0.0009,0.0031,0.0023,0.1535,4.2029,3.7524,3.6948,0.2887,0.0752,0,2.79196,2.27984,0.25368,0.11348,0.06168,0,0,318,159,98,645648,403747,205390,9,11,318,508,528,1
128,1.94657,3,14.8918,3.0208,11.8678,0.0025,11.4916,11.1774,0.3096,0.3703,0.0237,3.3366,4.7188,2.9553,0.0364,0.0253,0.0156,0.0005,0.0018,0.0019,0.0546,4.1615,3.5402,3.4874,0.2674,0.056,0,2.1184,1.64708,0.23704,0.10036,0.05728,0,0,318,159,98,645648,403747,205390,9,11,318,508,528,1
129,1.96236,3,15.5724,3.7668,11.8022,0.0025,11.3877,11.0091,0.3735,0.4085,0.0254,3.066,5.0038,2.7553,0.0377,0.0294,0.0172,0.0007,0.0023,0.0022,0.0617,4.4178,3.4929,3.4459,0.2394,0.0666,0,2.2188,1.73252,0.24092,0.10608,0.05936,0,0,318,159,98,645648,403747,205390,9,11,318,508,528,1
130,1.97696,3,14.3462,2.5164,11.8263,0.0022,11.5358,11.2136,0.3174,0.2855,0.0252,3.6606,4.0875,3.3155,0.0332,0.0213,0.0145,0.0005,0.0015,0.0016,0.0459,3.5973,3.547,3.4915,0.2238,0.0465,0,2.30924,1.10132,0.96168,0.10648,0.05928,0,0,318,159,98,645648,403747,205390,9,11,318,508,528,1
131,1.99238,3,15.2265,2.7522,12.4715,0.0157,12.1629,11.9293,0.2293,0.2893,0.0239,3.7576,4.3504,3.6933,0.0227,0.0186,0.0117,0.0005,0.0014,0.0015,0.041,3.8105,3.6022,3.5415,0.2502,0.0456,0,2.20248,1.71644,0.2412,0.10624,0.05884,0,0,318,159,98,645648,403747,205390,9,11,318,508,528,1
132,2.00402,3,11.42,2.17,9.2473,0.0018,8.9095,8.6108,0.2935,0.333,0.0215,2.6531,3.5047,2.3315,0.0222,0.0204,0.011,0.0003,0.0014,0.0018,0.0382,3.0084,3.0949,3.057,0.2188,0.049,0,1.54576,1.082,0.21992,0.10632,0.05932,0,0,318,159,98,645648,403747,205390,9,11,318,508,528,1
133,2.01848,3,14.2444,2.3632,11.8783,0.0021,11.5806,11.284,0.2918,0.2923,0.0252,3.2752,5.0237,2.8449,0.0297,0.0206,0.0121,0.0005,0.0014,0.0015,0.0434,4.1873,3.7133,3.6579,0.36,0.0551,0,2.6702,1.29308,1.07772,0.13212,0.06936,0,0,318,159,98,645648,403747,205390,9,11,318,508,528,1
134,2.03407,3,15.3716,2.2561,13.1123,0.0025,12.4936,11.9851,0.5037,0.6133,0.0244,4.3527,4.437,2.9973,0.0425,0.0323,0.0198,0.0007,0.0019,0.0019,0.0676,3.815,3.6556,3.6059,0.3252,0.0688,0,2.66076,2.06992,0.29032,0.1324,0.06972,0,0,318,159,98,645648,403747,205390,9,11,318,508,528,1
135,2.04919,3,14.7127,2.1129,12.597,0.002,12.0622,11.7251,0.3328,0.53,0.0201,2.9726,5.5492,3.0153,0.0397,0.0286,0.017,0.0008,0.0023,0.0021,0.0707,4.9233,3.7402,3.6877,0.3186,0.0504,0,2.66688,2.07748,0.28888,0.13232,0.06904,0,0,318,159,98,645648,403747,205390,9,11,318,508,528,1
136,2.06473,3,15.2507,3.3331,11.9143,0.0026,11.579,11.2325,0.3411,0.3293,0.0282,2.842,5.3055,2.9168,0.0337,0.0266,0.0151,0.0005,0.0018,0.0016,0.0544,4.708,3.5446,3.4966,0.2905,0.06,0,3.18256,2.58852,0.29328,0.13228,0.06924,0,0,318,159,98,645648,403747,205390,9,11,318,508,528,1
137,2.07958,3,14.6606,3.1573,11.5003,0.0024,11.1705,10.9099,0.2556,0.324,0.1122,3.2353,4.187,3.2576,0.0302,0.0203,0.0106,0.0005,0.0014,0.0013,0.048,3.6823,3.3023,3.2618,0.2293,0.0563,0,2.0516,1.29324,0.37084,0.13224,0.13384,0,0,318,159,98,645648,403747,205390,9,11,318,508,528,1
138,2.09611,3,16.3305,2.72,13.6074,0.0021,13.3145,12.9972,0.3125,0.2879,0.0219,4.4203,4.4998,3.9038,0.0367,0.0273,0.0159,0.0006,0.002,0.0019,0.0603,3.8783,4.2974,4.2302,0.3095,0.0567,0,2.51848,1.21764,0.24392,0.12188,0.84012,0,0,318,159,98,645648,403747,205390,9,11,318,508,528,1
139,2.11017,3,13.8108,2.6185,11.1893,0.0024,10.9483,10.7081,0.2358,0.2354,0.0257,3.4106,4.6881,2.4698,0.0252,0.0207,0.0146,0.0004,0.0013,0.0017,0.0441,4.0586,3.6075,3.5502,0.2998,0.044,0,1.80296,1.21296,0.31348,0.1206,0.06484,4e-05,0,318,159,98,645648,403747,205390,9,11,318,508,528,1
140,2.1264,3,15.977,2.7923,13.1819,0.0023,12.8968,12.597,0.295,0.2803,0.0265,4.3709,4.7948,3.2835,0.0331,0.0219,0.0117,0.0005,0.0017,0.0011,0.0452,4.1863,3.9006,3.8402,0.4105,0.0479,0,2.23812,1.7494,0.2428,0.10644,0.05916,0,0,318,159,98,645648,403747,205390,9,11,318,508,528,1
141,2.1434,3,16.7387,2.1245,14.6112,0.0023,14.172,13.3775,0.7894,0.4334,0.0263,4.7576,4.7524,3.5564,0.0834,0.0981,0.0189,0.0009,0.0022,0.0021,0.0713,4.0452,4.3216,4.2435,0.3538,0.0574,0,2.23576,1.74168,0.2454,0.10804,0.05956,0,0,318,159,98,645648,403747,205390,9,11,318,508,528,1
142,2.15932,3,15.6217,2.6354,12.9824,0.0023,12.5835,12.2059,0.3721,0.3697,0.0246,4.3698,4.5158,3.1285,0.0345,0.0375,0.0183,0.0007,0.0021,0.0019,0.0648,3.8581,3.8181,3.753,0.34,0.0652,0,2.30416,1.80372,0.25004,0.10924,0.06012,0,0,318,159,98,645648,403747,205390,9,11,318,508,528,1
143,2.176,3,16.2178,2.8516,13.3628,0.0022,12.7902,12.47,0.315,0.5672,0.022,3.5013,5.8924,2.9099,0.0337,0.0259,0.0158,0.0007,0.0018,0.0021,0.0575,5.2446,4.1307,4.0731,0.5454,0.0536,0,2.627,1.19784,0.26692,0.11912,0.06424,0,0,318,159,98,645648,403747,205390,9,11,318,508,528,1
144,2.19301,3,16.7554,3.181,13.5716,0.0024,13.2852,12.9247,0.3554,0.2809,0.0223,3.202,4.7623,4.7788,0.0368,0.0294,0.017,0.0006,0.0022,0.0022,0.0642,4.2111,3.7853,3.7313,0.304,0.0619,0,2.81656,1.2214,1.31972,0.1198,0.064,0,0,318,159,98,645648,403747,205390,9,11,318,508,528,1
145,2.20961,3,16.3694,3.1172,13.2491,0.0026,12.9804,12.6438,0.3311,0.2627,0.0251,4.2395,4.9198,3.301,0.0331,0.033,0.0185,0.0007,0.0019,0.0024,0.0613,4.3029,4.1253,4.067,0.3346,0.0592,0,2.4332,1.90192,0.26568,0.11564,0.06264,0,0,318,159,98,645648,403747,205390,9,11,318,508,528,1
146,2.22558,3,15.73,2.5169,13.2097,0.0024,12.9056,12.597,0.3038,0.2979,0.0255,3.9392,4.5569,3.9387,0.0296,0.025,0.0158,0.0005,0.0019,0.0015,0.0552,3.9866,3.9195,3.8524,0.3422,0.0555,0,2.40652,1.15724,0.98268,0.11636,0.06316,0,0,318,159,98,645648,403747,205390,9,11,318,508,528,1
147,2.24089,3,15.0824,2.8036,12.2757,0.0022,11.9406,11.5772,0.3582,0.3299,0.0225,3.2097,4.669,3.545,0.0334,0.0231,0.0139,0.0004,0.0022,0.0019,0.05,4.0678,4.0164,3.9545,0.381,0.0613,0,2.15928,1.19068,0.62492,0.11908,0.11448,0,0,318,159,98,645648,403747,205390,9,11,318,508,528,1
148,2.2577,3,16.5367,2.4525,14.0803,0.0028,13.6558,13.2753,0.3747,0.4177,0.0229,3.2438,5.5683,4.0884,0.0581,0.0621,0.0472,0.0006,0.002,0.0021,0.1701,4.8716,4.0571,3.9939,0.3836,0.0551,0,1.87264,1.26596,0.3156,0.129,0.0678,0,0,318,159,98,645648,403747,205390,9,11,318,508,528,1
149,2.27615,3,18.1582,3.3136,14.8413,0.0024,14.4316,14.0542,0.3717,0.4037,0.0233,2.9663,5.6026,5.2888,0.0422,0.0362,0.0193,0.0006,0.002,0.0021,0.0634,4.9573,3.9155,3.86,0.3381,0.0663,0,2.24892,1.74456,0.25288,0.10836,0.05988,0,0,318,159,98,645648,403747,205390,9,11,318,508,528,1
150,2.29384,3,17.4355,3.2213,14.2105,0.0029,13.8669,13.5152,0.3464,0.3371,0.0266,4.1656,4.6176,4.5438,0.0419,0.0313,0.0195,0.0007,0.0021,0.0025,0.0563,4.0606,3.8891,3.8235,0.3446,0.0617,0,2.32804,1.8362,0.24524,0.1056,0.05896,0,0,318,159,98,645648,403747,205390,9,11,318,508,528,1
151,2.31081,3,16.6654,3.093,13.5687,0.0026,13.264,12.9244,0.3343,0.2992,0.0245,3.6007,5.1884,3.9867,0.0325,0.0209,0.0129,0.0004,0.0015,0.0019,0.0478,4.5571,3.9782,3.9179,0.3477,0.0603,0,2.3892,1.3104,0.22388,0.1066,0.06064,0,0,318,159,98,645648,403747,205390,9,11,318,508,528,1
152,2.32637,3,15.3194,2.7431,12.5731,0.0022,12.2505,11.8574,0.3877,0.3175,0.0231,3.2002,4.9226,3.5615,0.0371,0.0276,0.0171,0.0006,0.002,0.002,0.057,4.2285,4.3332,4.2569,0.4455,0.0516,0,1.68332,1.20228,0.23988,0.10308,0.0584,0,0,319,159,99,665132,403747,224874,9,11,319,515,535,1
153,2.34317,3,16.5911,2.4857,14.1023,0.0024,13.7828,13.2085,0.5687,0.314,0.0217,5.4772,4.5676,2.9689,0.044,0.0306,0.0187,0.0006,0.0021,0.002,0.064,3.9164,3.9474,3.8839,0.3525,0.0997,0,2.33568,1.14472,0.93232,0.11232,0.06104,0,0,319,159,99,665132,403747,224874,9,11,319,515,535,1
154,2.36106,3,17.2845,3.5932,13.687,0.0023,13.2971,12.9555,0.3366,0.3844,0.0242,3.1333,5.1949,4.4521,0.041,0.032,0.0175,0.0006,0.0018,0.0017,0.0496,4.6061,4.0526,3.9865,0.3575,0.0611,0,2.38904,1.85816,0.26848,0.11436,0.06228,0,0,319,159,99,665132,403747,224874,9,11,319,515,535,1
155,2.37738,3,15.5614,3.0537,12.5036,0.0023,12.2251,11.9096,0.3106,0.2727,0.0271,4.1178,4.4001,3.2165,0.036,0.0278,0.0173,0.0005,0.0021,0.0018,0.0559,3.867,3.8149,3.7557,0.272,0.0533,0,2.50932,1.25352,0.98404,0.1184,0.06416,4e-05,0,319,159,99,665132,403747,224874,9,11,319,515,535,1
156,2.39464,3,16.3036,3.042,13.2575,0.0023,12.906,12.5398,0.3606,0.3457,0.0266,3.4965,5.2,3.6583,0.0347,0.0311,0.0186,0.0007,0.0024,0.0021,0.061,4.412,4.453,4.3553,0.4208,0.0639,0,2.49524,1.21312,1.0042,0.12084,0.065,0,0,319,159,99,665132,403747,224874,9,11,319,515,535,1
157,2.41279,3,17.5185,3.102,14.4123,0.0021,14.0944,13.7284,0.3603,0.3121,0.0254,5.6071,4.8133,3.1059,0.0391,0.0393,0.0186,0.0007,0.0021,0.0023,0.0662,4.1554,4.2811,4.1902,0.3747,0.0611,0,2.64568,1.27944,1.06472,0.13272,0.06996,0,0,319,159,99,665132,403747,224874,9,11,319,515,535,1
158,2.43086,3,17.4845,3.1262,14.3544,0.0023,14.0199,13.6573,0.3572,0.3284,0.0315,4.3158,5.0699,4.0781,0.0398,0.0325,0.0177,0.0008,0.0024,0.0022,0.0578,4.3585,4.3938,4.3028,0.3439,0.066,0,2.78584,1.28668,0.27124,0.13252,0.99492,0,0,319,159,99,665132,403747,224874,9,11,319,515,535,1
159,2.44676,3,15.3271,2.6,12.7233,0.0024,12.3723,11.9209,0.4458,0.3451,0.0266,3.607,4.8418,3.1485,0.0436,0.0489,0.0171,0.0137,0.0301,0.0021,0.13,4.136,4.256,4.1698,0.3714,0.0653,0,1.96056,1.28572,0.27688,0.13292,0.06988,0,0,319,159,99,665132,403747,224874,9,11,319,515,535,1
160,2.46397,3,16.6146,3.3,13.3105,0.0027,12.9612,12.5924,0.3635,0.343,0.0263,3.8504,5.7058,2.8316,0.0403,0.0351,0.0197,0.0008,0.0025,0.0021,0.0684,5.0917,4.3113,4.2351,0.3566,0.0649,0,2.67108,2.0692,0.30232,0.1324,0.06916,0,0,319,159,99,665132,403747,224874,9,11,319,515,535,1
161,2.48001,3,15.4683,2.5726,12.8915,0.0024,12.4994,11.9459,0.5478,0.3862,0.0273,3.5589,4.8679,3.3277,0.0388,0.0304,0.0177,0.0006,0.0023,0.0019,0.0647,4.2153,4.4743,4.3846,0.3801,0.1559,0,1.95484,1.29224,0.36048,0.13248,0.07,0,0,319,159,99,665132,403747,224874,9,11,319,515,535,1
162,2.49677,3,16.0689,2.9351,13.1294,0.0026,12.8001,12.4197,0.3733,0.3229,0.0276,4.2694,4.7703,3.172,0.0415,0.0338,0.0198,0.0007,0.0024,0.0023,0.071,4.0853,4.205,4.1219,0.3771,0.0682,0,2.87768,1.29956,1.27632,0.13328,0.0698,4e-05,0,319,159,99,665132,403747,224874,9,11,319,515,535,1
163,2.51464,3,17.2959,2.7307,14.5609,0.003,14.2022,13.8335,0.3631,0.3523,0.0286,3.9941,5.6358,4.0142,0.0382,0.028,0.0176,0.0007,0.0017,0.0019,0.0642,4.9478,4.3849,4.3027,0.4364,0.0777,0,1.86388,1.28944,0.27196,0.13232,0.06964,0,0,319,159,99,665132,403747,224874,9,11,319,515,535,1
164,2.53205,3,16.7067,2.9108,13.7921,0.0023,13.1748,12.6672,0.5017,0.6115,0.079,3.84,5.1217,3.3756,0.1253,0.03,0.0179,0.0006,0.0023,0.0017,0.0645,4.4205,4.4466,4.312,0.4194,0.0643,0,1.95836,1.27912,0.376,0.13252,0.07012,0,0,319,159,99,665132,403747,224874,9,11,319,515,535,1
165,2.54852,3,15.8596,2.5813,13.2745,0.0026,12.7831,12.3271,0.4434,0.4854,0.0237,4.279,4.6002,3.1899,0.0412,0.0289,0.0196,0.0007,0.0025,0.0019,0.1314,3.9296,4.0574,3.9821,0.3595,0.0665,0,2.67708,1.30236,1.0726,0.13288,0.06932,4e-05,0,319,159,99,665132,403747,224874,9,11,319,515,535,1
166,2.56712,3,17.981,3.8968,14.0802,0.0027,13.6648,13.2582,0.4004,0.4087,0.0566,3.921,5.9118,3.1848,0.0534,0.0333,0.0181,0.0009,0.0018,0.0018,0.0663,5.1474,4.212,4.1254,0.3608,0.0705,0,3.36284,1.35768,0.27744,0.1348,0.0696,0,0,319,159,99,665132,403747,224874,9,11,319,515,535,1
167,2.58538,3,17.6542,3.0548,14.5948,0.0025,14.2341,13.7814,0.447,0.3546,0.0291,4.0675,5.485,4.0387,0.0403,0.0287,0.0163,0.0006,0.0017,0.0017,0.0639,4.7526,4.4198,4.3318,0.5163,0.0726,0,2.70128,1.29416,0.27328,0.1326,0.89852,0,0,319,159,99,665132,403747,224874,9,11,319,515,535,1
168,2.60137,3,15.3703,3.0868,12.2794,0.0024,11.9685,11.6377,0.3257,0.3054,0.0265,3.3274,4.578,3.5586,0.0332,0.0264,0.0159,0.0005,0.0017,0.002,0.0602,3.8437,4.0984,4.0381,0.3696,0.0566,0,2.07916,1.30764,0.46496,0.13316,0.07272,0,0,319,159,99,665132,403747,224874,9,11,319,515,535,1
169,2.61665,3,14.757,2.0751,12.6777,0.0026,12.306,11.7232,0.5772,0.3657,0.0356,4.2695,4.3603,2.8578,0.0475,0.0318,0.0404,0.0007,0.0022,0.0022,0.0671,3.7114,3.804,3.7442,0.3195,0.068,0,2.65904,1.2858,1.07136,0.1336,0.06924,4e-05,0,319,159,99,665132,403747,224874,9,11,319,515,535,1
170,2.63283,3,15.8084,3.2211,12.5831,0.0025,12.1796,11.8408,0.3337,0.3981,0.0248,2.9123,5.8332,2.92,0.0416,0.0287,0.0136,0.0006,0.0017,0.0017,0.0507,5.2362,3.687,3.637,0.3507,0.0522,0,2.66312,2.07056,0.29284,0.13272,0.06888,0,0,319,159,99,665132,403747,224874,9,11,319,515,535,1
171,2.6476,3,14.4743,2.9978,11.4727,0.0025,11.1738,10.8598,0.3096,0.2933,0.0224,3.4558,4.2724,2.9767,0.0343,0.0232,0.0139,0.0005,0.0019,0.0015,0.0516,3.7453,3.5486,3.5051,0.2527,0.0494,0,2.7274,2.1312,0.2958,0.13268,0.06932,0,0,319,159,99,665132,403747,224874,9,11,319,515,535,1
172,2.66354,3,15.6855,2.573,13.1091,0.0115,12.6437,12.1967,0.441,0.4502,0.0454,3.5142,4.6641,3.8109,0.0409,0.0291,0.0176,0.0006,0.002,0.0019,0.0622,4.084,3.7648,3.706,0.2907,0.0842,0,2.57472,1.9734,0.2986,0.13252,0.06928,0,4e-05,319,159,99,665132,403747,224874,9,11,319,515,535,1
173,2.68005,3,16.1844,2.6821,13.4986,0.0023,13.1257,12.8378,0.2827,0.3669,0.0263,3.6724,5.1545,3.8666,0.0298,0.0199,0.0123,0.0005,0.0016,0.0014,0.0462,4.4645,3.9433,3.884,0.3629,0.0509,0,2.68548,2.08356,0.30076,0.13248,0.06968,0,0,319,159,99,665132,403747,224874,9,11,319,515,535,1
174,2.6947,3,14.4502,2.3978,12.0493,0.0023,11.7756,11.5341,0.2363,0.2689,0.0226,3.3623,4.6188,3.4052,0.0329,0.0204,0.0128,0.0007,0.0017,0.0014,0.0484,3.9664,3.9079,3.8499,0.3568,0.0442,0,2.16172,1.29044,0.48932,0.13248,0.12908,0,0,319,159,99,665132,403747,224874,9,11,319,515,535,1
175,2.71079,3,15.876,2.1278,13.7447,0.0021,13.3315,13.0225,0.3041,0.4078,0.0215,2.948,4.8725,4.8399,0.0786,0.0718,0.015,0.0006,0.0016,0.0138,0.1446,4.2673,3.4953,3.445,0.2925,0.0611,0,1.929,1.28936,0.33916,0.13292,0.06872,0,0,319,159,99,665132,403747,224874,9,11,319,515,535,1
176,2.72668,3,15.5909,2.8005,12.787,0.0022,12.4974,12.1494,0.342,0.2844,0.0298,2.7582,4.5516,4.6798,0.0326,0.0205,0.0119,0.0005,0.0016,0.0011,0.0555,3.8959,3.9534,3.8956,0.3584,0.0464,0,2.84672,2.249,0.29836,0.13268,0.06904,0,0,319,159,99,665132,403747,224874,9,11,319,515,535,1
177,2.74203,3,15.1238,2.8755,12.2452,0.0025,11.9031,11.4331,0.4652,0.3368,0.0233,3.0729,3.5478,4.6323,0.0335,0.0259,0.017,0.0004,0.0017,0.0014,0.072,3.0408,3.1004,3.0583,0.2522,0.0601,0,2.72852,2.13024,0.29696,0.1326,0.06928,4e-05,0,319,159,99,665132,403747,224874,9,11,319,515,535,1
178,2.75616,3,13.9034,2.6188,11.2816,0.0021,11.0227,10.7987,0.2198,0.2542,0.0224,3.2774,4.982,2.4134,0.024,0.0183,0.0119,0.0004,0.0015,0.0014,0.0414,4.1742,3.5957,3.5423,0.3714,0.0399,0,1.92376,1.3642,0.27916,0.12216,0.06616,0,0,319,159,99,665132,403747,224874,9,11,319,515,535,1
179,2.77042,3,14.0702,2.2451,11.8225,0.0025,11.5473,11.0659,0.4766,0.2696,0.0236,3.0495,4.0857,3.702,0.0337,0.0194,0.0114,0.0004,0.0013,0.0012,0.132,3.5024,3.7226,3.6643,0.2586,0.0598,0,3.53528,1.73156,0.28728,0.11896,1.29508,0,4e-05,319,159,99,665132,403747,224874,9,11,319,515,535,1
180,2.78594,3,15.3294,2.0782,13.2484,0.0023,12.7625,11.9845,0.7726,0.4808,0.022,3.0221,4.8362,3.9339,0.0411,0.0312,0.0185,0.0007,0.0021,0.0022,0.067,4.2056,3.5924,3.5381,0.3244,0.0504,0,2.91612,2.29596,0.34452,0.12148,0.06436,0,0,319,159,99,665132,403747,224874,9,11,319,515,535,1
181,2.80093,3,14.7664,2.9341,11.829,0.0022,11.4693,11.1537,0.3107,0.3544,0.0237,3.2299,4.8711,2.9121,0.0307,0.0205,0.0129,0.0005,0.0015,0.0018,0.0436,4.2714,3.5937,3.5459,0.2715,0.0707,0,2.40024,1.22284,0.23612,0.10692,0.74792,4e-05,0,319,159,99,665132,403747,224874,9,11,319,515,535,1
182,2.81667,3,15.5478,3.4789,12.0662,0.002,11.6106,11.2399,0.3657,0.4504,0.0211,2.9076,3.8032,4.3413,0.037,0.0358,0.0184,0.0007,0.0024,0.0016,0.0625,3.2145,3.5426,3.4975,0.2785,0.0622,0,1.676,1.18116,0.23784,0.11168,0.06104,0,0,320,159,100,666777,403747,226519,9,11,320,522,542,1
183,2.83187,3,14.997,2.78,12.2137,0.0025,11.9215,11.5334,0.3823,0.2858,0.0264,3.7481,3.8201,3.8162,0.0293,0.0202,0.0126,0.0004,0.0017,0.0016,0.0509,3.3237,3.5777,3.5307,0.2367,0.0792,0,2.14064,1.02696,0.22612,0.10148,0.05776,4e-05,0,320,159,100,666777,403747,226519,9,11,320,522,542,1
184,2.84684,3,14.6928,2.5042,12.1857,0.0023,11.9364,11.7015,0.231,0.2445,0.02,3.9196,3.9783,3.6826,0.0215,0.0194,0.0119,0.0003,0.0015,0.0016,0.0401,3.483,3.355,3.3087,0.2668,0.0387,0,2.01712,1.04,0.74228,0.10012,0.05724,0,0,320,159,100,666777,403747,226519,9,11,320,522,542,1
185,2.85885,3,11.8172,1.9294,9.8857,0.0015,9.5893,9.1787,0.4061,0.2921,0.0196,2.7048,3.5091,2.8141,0.0294,0.0281,0.016,0.0077,0.0018,0.0012,0.0413,3.0317,3.314,3.2702,0.228,0.0419,0,1.49032,1.0272,0.22748,0.10124,0.058,0,0,320,159,100,666777,403747,226519,9,11,320,522,542,1
186,2.87418,3,15.0768,2.7325,12.3408,0.0024,11.9639,11.6451,0.314,0.371,0.0235,4.0688,3.5885,3.8443,0.028,0.0191,0.0111,0.0004,0.0014,0.0016,0.0524,3.0951,3.499,3.4494,0.2182,0.0445,0,2.5848,1.23868,1.06184,0.12464,0.06612,0,0,321,159,101,666979,403747,226721,9,11,321,529,549,1
187,2.88834,3,13.9116,2.1879,11.7205,0.002,11.3569,11.0304,0.3214,0.3581,0.0206,3.6798,4.6996,2.5146,0.0306,0.019,0.0127,0.0004,0.0017,0.0019,0.0437,4.1191,3.6767,3.6209,0.3116,0.0642,0,2.47312,1.91996,0.27764,0.1204,0.06408,0,0,321,159,101,666979,403747,226721,9,11,321,529,549,1
188,2.90298,3,14.3636,2.4777,11.8823,0.0025,11.592,11.3376,0.2499,0.2849,0.0273,3.2698,5.11,2.8137,0.0309,0.0205,0.0128,0.0004,0.0014,0.0016,0.0425,4.3769,3.8409,3.7876,0.3548,0.0434,0,2.22708,1.68744,0.2712,0.11684,0.0628,0,0,321,159,101,666979,403747,226721,9,11,321,529,549,1
189,2.91832,3,15.0821,2.3132,12.7663,0.002,12.3015,11.7767,0.5204,0.46,0.0244,4.2266,4.1346,3.201,0.0277,0.0194,0.0309,0.0082,0.0181,0.0206,0.0453,3.6026,3.73,3.678,0.2846,0.0466,0,3.42696,2.89448,0.26764,0.11488,0.062,0,0,321,159,101,666979,403747,226721,9,11,321,529,549,1
190,2.93271,3,14.2009,2.154,12.0443,0.0022,11.658,11.2907,0.3626,0.3808,0.0211,4.0392,4.3063,2.7832,0.0329,0.0195,0.0147,0.0006,0.0021,0.0024,0.062,3.7029,3.3935,3.3391,0.2828,0.0594,0,6.82212,1.17152,5.31,0.11156,0.12468,0,0,321,159,101,666979,403747,226721,9,11,321,529,549,1
191,2.94702,3,13.8293,3.3126,10.5112,0.0024,10.2559,10.0207,0.2308,0.25,0.0213,2.7594,3.4552,3.6844,0.0251,0.0184,0.0106,0.0005,0.0014,0.0011,0.0379,2.9737,3.0928,3.0544,0.2164,0.04,0,2.60628,2.01884,0.32664,0.11372,0.06196,0,0,321,159,101,666979,403747,226721,9,11,321,529,549,1
192,2.96,3,12.7677,2.3631,10.4015,0.0023,10.0991,9.7833,0.3091,0.297,0.0238,2.9428,3.7426,2.9216,0.0361,0.0265,0.0237,0.0006,0.0021,0.0018,0.0548,3.1781,3.6414,3.597,0.2695,0.0562,0,1.61092,1.07736,0.2862,0.106,0.05956,0,0,321,159,101,666979,403747,226721,9,11,321,529,549,1
193,2.97453,3,14.3525,2.4343,11.9157,0.0022,11.6317,11.2156,0.389,0.279,0.0459,3.5568,3.5961,3.8933,0.0274,0.0251,0.0114,0.0004,0.0013,0.0013,0.0447,3.115,3.3119,3.2654,0.222,0.1077,0,2.19716,1.29148,0.51152,0.13276,0.1408,0,0,321,159,101,666979,403747,226721,9,11,321,529,549,1
194,2.98807,3,13.3548,2.4381,10.9136,0.0022,10.642,10.4048,0.2327,0.2666,0.0241,3.4399,4.4281,2.4097,0.025,0.0189,0.0115,0.0004,0.0014,0.0011,0.0394,3.9012,3.4838,3.438,0.2613,0.0383,0,2.3264,1.77932,0.27708,0.11748,0.06332,0,0,321,159,101,666979,403747,226721,9,11,321,529,549,1
195,3.00342,3,15.1636,2.4351,12.7258,0.0022,12.3741,12.0159,0.3536,0.3465,0.0207,4.0335,4.9098,2.9328,0.0307,0.0208,0.0133,0.0004,0.0018,0.0018,0.0449,4.2468,3.8421,3.7838,0.3328,0.0602,0,3.0976,2.54596,0.27852,0.1196,0.06368,0,0,321,159,101,666979,403747,226721,9,11,321,529,549,1
196,3.01943,3,15.7466,2.1692,13.574,0.0018,12.9283,12.2902,0.6338,0.6407,0.02,4.4963,4.3443,3.2272,0.0377,0.021,0.0673,0.0005,0.0016,0.0022,0.0607,3.7582,3.8675,3.8089,0.3225,0.1359,0,2.54372,1.19524,1.07288,0.12052,0.06412,0,0,321,159,101,666979,403747,226721,9,11,321,529,549,1
197,3.03411,3,14.467,2.0906,12.3736,0.002,11.847,11.4785,0.3636,0.5215,0.0195,4.093,4.2706,2.937,0.0358,0.0312,0.0178,0.0009,0.0022,0.002,0.0617,3.6483,3.546,3.4987,0.2919,0.0581,0,2.43224,1.88164,0.27924,0.11924,0.0632,0,4e-05,321,159,101,666979,403747,226721,9,11,321,529,549,1
198,3.04752,3,12.817,2.5228,10.2907,0.0023,10.0101,9.7879,0.2183,0.275,0.0229,3.7817,3.5667,2.3215,0.0234,0.0169,0.0102,0.0003,0.0014,0.0014,0.0358,3.0836,3.0935,3.057,0.2116,0.0356,0,2.35632,1.82152,0.27196,0.11468,0.0616,0,4e-05,321,159,101,666979,403747,226721,9,11,321,529,549,1
199,3.05978,3,12.057,2.1347,9.92,0.0017,9.652,9.3518,0.2954,0.2635,0.0192,2.6593,3.6998,2.8402,0.0325,0.0275,0.0122,0.0005,0.0019,0.0015,0.0517,3.1781,3.4544,3.4056,0.2422,0.0558,0,1.85784,1.2814,0.27864,0.13032,0.06908,0,0,321,159,101,666979,403747,226721,9,11,321,529,549,1
200,3.07454,3,14.525,2.2313,12.2904,0.0022,12.0073,11.6959,0.3065,0.2782,0.0235,4.0167,3.6465,3.8831,0.0317,0.0326,0.0115,0.0006,0.0017,0.0013,0.0415,3.1465,3.5322,3.4822,0.2172,0.0476,0,2.69096,1.28216,1.10572,0.13248,0.06928,0,0,321,159,101,666979,403747,226721,9,11,321,529,549,1
201,3.09004,3,15.3236,2.7303,12.5905,0.0023,12.1998,10.8727,1.3216,0.3846,0.0216,3.6101,4.3911,2.7119,0.0263,0.022,0.0143,0.0004,0.002,0.0016,0.0665,3.8496,3.5674,3.5187,0.2462,0.0946,0,2.65688,2.04856,0.30532,0.1328,0.06956,0,0,321,159,101,666979,403747,226721,9,11,321,529,549,1
202,3.10421,3,13.8363,2.3272,11.5057,0.0021,11.1135,10.8743,0.2353,0.3875,0.0208,3.5467,4.8347,2.3696,0.0235,0.0184,0.0109,0.0003,0.0014,0.0015,0.0407,4.268,3.7139,3.6264,0.3123,0.0411,0,2.67812,2.07156,0.3058,0.13228,0.06956,0,0,321,159,101,666979,403747,226721,9,11,321,529,549,1
203,3.11919,3,14.7901,2.4198,12.3676,0.0023,12.0786,11.7492,0.3244,0.2834,0.025,3.9614,5.0079,2.6453,0.026,0.0199,0.0124,0.0004,0.0018,0.0016,0.0419,4.2482,3.601,3.5563,0.3945,0.061,0,3.48112,1.29492,1.88908,0.13064,0.06892,0,0,321,159,101,666979,403747,226721,9,11,321,529,549,1
204,3.13594,3,16.5634,2.265,14.2957,0.0024,13.7622,13.2951,0.4629,0.5282,0.0238,4.6553,5.1273,3.231,0.0303,0.0205,0.0731,0.0005,0.0019,0.0018,0.1235,4.5986,3.6392,3.5823,0.2768,0.1411,0,2.01928,1.26836,0.38424,0.1294,0.11864,0,0,321,159,101,666979,403747,226721,9,11,321,529,549,1
205,3.1509,3,14.7164,2.1293,12.583,0.0018,12.2593,11.8903,0.3642,0.3192,0.0205,4.1456,4.6417,2.9211,0.0396,0.0306,0.0184,0.0006,0.0019,0.0021,0.0606,3.9898,3.6999,3.6487,0.3379,0.0595,0,2.49536,1.16364,0.2702,0.11612,0.85692,0,4e-05,321,159,101,666979,403747,226721,9,11,321,529,549,1
206,3.1641,3,12.8511,2.6631,10.185,0.0021,9.9128,9.6971,0.212,0.2673,0.0203,3.3223,3.9262,2.3318,0.0231,0.0178,0.0108,0.0004,0.0013,0.0008,0.0372,3.4408,3.0759,3.0398,0.2169,0.0344,0,2.32724,1.79952,0.26696,0.1132,0.06184,0,0,321,159,101,666979,403747,226721,9,11,321,529,549,1
207,3.17668,3,12.3694,2.2807,10.086,0.002,9.8036,9.5047,0.2946,0.2775,0.0187,2.6286,3.7805,2.9635,0.03,0.0203,0.0119,0.0006,0.002,0.0018,0.0407,3.2353,3.505,3.4589,0.2589,0.0407,0,1.79844,1.24068,0.26968,0.12604,0.06696,0,0,321,159,101,666979,403747,226721,9,11,321,529,549,1
208,3.19172,3,14.7726,2.5105,12.2579,0.0021,11.9334,11.6184,0.3103,0.3192,0.0191,3.8682,3.5415,4.0645,0.0315,0.0221,0.0116,0.0005,0.0015,0.0013,0.0513,3.035,3.6493,3.5896,0.2107,0.0561,0,2.83804,2.22972,0.3084,0.1328,0.06896,0,0,321,159,101,666979,403747,226721,9,11,321,529,549,1
209,3.20717,3,15.191,2.5684,12.6195,0.0022,12.1825,11.4737,0.7034,0.4316,0.0342,3.7443,4.1699,3.3667,0.0371,0.0244,0.0167,0.0006,0.0016,0.002,0.0708,3.6607,3.8642,3.8066,0.2414,0.0674,0,2.54744,1.27708,0.96848,0.13264,0.06992,0,0,321,159,101,666979,403747,226721,9,11,321,529,549,1
210,3.22264,3,15.2554,2.5849,12.6669,0.0021,12.3966,12.0737,0.3183,0.2652,0.0256,3.5029,5.6984,2.7242,0.0334,0.0205,0.0122,0.0005,0.0013,0.0017,0.0474,4.7931,4.1985,4.1297,0.5559,0.0573,0,2.25468,1.6448,0.30852,0.1326,0.0698,0,0,320,159,100,666039,403747,225781,9,11,320,522,542,1
211,3.23834,3,15.5068,2.3485,13.1556,0.002,12.8043,12.2219,0.5732,0.3468,0.0215,4.2601,4.2278,3.4465,0.1163,0.0211,0.0127,0.0004,0.0017,0.0017,0.1036,3.6534,3.9394,3.8784,0.2776,0.1426,0,3.35896,2.77984,0.2928,0.12536,0.06632,0,0,320,159,100,666039,403747,225781,9,11,320,522,542,1
212,3.25309,3,14.561,2.2997,12.2583,0.0018,11.812,11.2669,0.5398,0.4408,0.0212,3.7405,4.2706,3.0645,0.0401,0.031,0.0187,0.0008,0.0023,0.0014,0.0683,3.6806,3.5591,3.5097,0.2829,0.157,0,1.98648,1.2088,0.42608,0.1214,0.1186,0,4e-05,320,159,100,666039,403747,225781,9,11,320,522,542,1
213,3.26858,3,15.1316,3.0243,12.1043,0.0021,11.7886,11.3883,0.3948,0.3106,0.0207,2.8335,5.4846,2.9283,0.0335,0.0206,0.0125,0.0006,0.0017,0.0012,0.0448,4.8726,3.6354,3.5818,0.2755,0.0458,0,2.55432,1.23512,1.03576,0.1244,0.06612,0,0,320,159,100,666039,403747,225781,9,11,320,522,542,1
214,3.28241,3,13.5699,3.3001,10.2663,0.0023,9.9944,9.6609,0.329,0.2662,0.0222,2.7723,4.1377,2.5905,0.034,0.0253,0.0151,0.0006,0.0022,0.002,0.0534,3.6567,3.2207,3.1809,0.218,0.0497,0,2.65008,2.03532,0.30324,0.12676,0.06744,0,0,320,159,100,666039,403747,225781,9,11,320,522,542,1
215,3.29488,3,12.2252,2.1834,10.039,0.0017,9.799,9.498,0.2963,0.2353,0.0194,2.6474,3.9477,2.7594,0.0467,0.02,0.0106,0.0005,0.0014,0.0014,0.0384,3.3705,3.34,3.296,0.2733,0.0428,0,1.78772,1.23172,0.2702,0.12564,0.06696,0,0,320,159,100,666039,403747,225781,9,11,320,522,542,1
216,3.30959,3,14.5372,2.9617,11.573,0.002,11.2819,10.983,0.2825,0.2855,0.022,3.3544,4.3652,3.1327,0.028,0.0195,0.0118,0.0005,0.0014,0.0017,0.0408,3.8603,3.3709,3.3255,0.2513,0.0595,0,2.68864,1.28068,1.10956,0.13252,0.06908,0,0,320,159,100,666039,403747,225781,9,11,320,522,542,1
217,3.32323,3,13.4044,2.6567,10.7443,0.0023,10.459,10.1298,0.3234,0.2796,0.0485,3.8417,3.6912,2.4336,0.0295,0.0186,0.0112,0.0005,0.0014,0.0014,0.0468,3.1953,3.3695,3.318,0.2594,0.0546,0,2.72212,1.27564,1.14476,0.13364,0.06984,0,4e-05,320,159,100,666039,403747,225781,9,11,320,522,542,1
218,3.34106,3,17.6011,2.4671,15.1309,0.0019,14.8565,14.5697,0.2824,0.2698,0.0217,5.6701,5.6517,3.1075,0.0303,0.0204,0.0134,0.0004,0.0013,0.001,0.0454,4.5936,4.2474,4.1796,0.5272,0.0482,0,5.10752,4.50224,0.30384,0.13268,0.06984,0,0,320,159,100,666039,403747,225781,9,11,320,522,542,1
219,3.35671,3,15.4539,2.8851,12.5655,0.0024,12.1957,11.838,0.3519,0.3642,0.0281,3.3081,4.5483,3.7828,0.0401,0.0312,0.0192,0.0006,0.003,0.002,0.0663,3.8842,4.5694,4.5069,0.3602,0.0596,0,2.24376,1.6914,0.27972,0.11876,0.06432,0,0,320,159,100,666039,403747,225781,9,11,320,522,542,1
220,3.37479,3,17.7042,2.4106,15.2902,0.0021,14.9613,14.1805,0.7756,0.3239,0.0224,5.7752,4.6649,3.4669,0.0366,0.1094,0.0181,0.0007,0.0025,0.0023,0.0741,4.0091,4.1265,4.0511,0.3377,0.3436,0,2.59916,2.02024,0.2954,0.12504,0.0666,0,0,320,159,100,666039,403747,225781,9,11,320,522,542,1
221,3.39005,3,15.0792,2.3146,12.7619,0.0024,12.3207,12.0047,0.3116,0.4338,0.0218,4.1401,4.5378,3.1571,0.0358,0.0271,0.017,0.0006,0.0019,0.0021,0.0569,3.9251,3.8411,3.7872,0.3437,0.0528,0,2.47552,1.93124,0.27728,0.11676,0.06264,0,0,320,159,100,666039,403747,225781,9,11,320,522,542,1
222,3.40574,3,15.4921,2.804,12.6852,0.0022,12.3386,11.8792,0.454,0.3411,0.0207,3.9502,4.5867,3.1639,0.0396,0.0299,0.0137,0.0006,0.0018,0.0017,0.0629,3.9345,3.8139,3.7562,0.349,0.0596,0,2.40068,1.85764,0.2766,0.11704,0.06268,0,0,320,159,100,666039,403747,225781,9,11,320,522,542,1
223,3.41973,3,13.6596,2.9731,10.6829,0.0022,10.3165,10.0979,0.2143,0.3608,0.0212,3.3734,4.0064,2.5932,0.027,0.0191,0.011,0.0005,0.0014,0.0013,0.0387,3.5143,3.2674,3.2299,0.2102,0.0379,0,2.38536,1.84076,0.27836,0.11656,0.06228,0,0,320,159,100,666039,403747,225781,9,11,320,522,542,1
224,3.43479,3,14.788,2.4975,12.2868,0.0022,11.6543,11.1055,0.5442,0.6276,0.0247,3.4114,4.3394,3.1211,0.0276,0.0369,0.0168,0.0058,0.0194,0.013,0.0707,3.7613,3.9422,3.8813,0.302,0.0571,0,1.8216,1.25152,0.27744,0.12868,0.068,0,0,320,159,100,666039,403747,225781,9,11,320,522,542,1
225,3.45025,3,15.2775,2.2668,13.0079,0.0021,12.4554,12.0548,0.3958,0.547,0.0201,3.7215,5.0036,3.15,0.0378,0.0325,0.0175,0.0006,0.0021,0.0017,0.0596,4.376,3.8447,3.7896,0.3398,0.0566,0,2.69064,2.07772,0.31176,0.13272,0.06932,4e-05,0,320,159,100,666039,403747,225781,9,11,320,522,542,1
226,3.46559,3,15.0375,2.9593,12.0745,0.0027,11.6285,11.2684,0.3548,0.4406,0.022,2.783,5.3612,2.937,0.0417,0.0304,0.0172,0.0007,0.0025,0.0024,0.0635,4.8056,3.5292,3.483,0.2913,0.0475,0,2.58656,2.00276,0.29888,0.12588,0.06664,0,0,320,159,100,666039,403747,225781,9,11,320,522,542,1
227,3.4813,3,15.4874,3.6736,11.8112,0.002,11.4745,11.1125,0.3577,0.3322,0.0224,2.7877,5.1774,2.9772,0.034,0.0243,0.025,0.0006,0.0018,0.002,0.0537,4.6155,3.5179,3.473,0.2614,0.0896,0,3.1494,2.56872,0.29556,0.12516,0.06632,4e-05,0,320,159,100,666039,403747,225781,9,11,320,522,542,1
228,3.49784,3,16.194,3.9234,12.2671,0.0022,11.8869,11.5237,0.3573,0.3746,0.0212,2.8205,4.0931,4.4365,0.0325,0.0208,0.015,0.0006,0.0016,0.0016,0.0745,3.5107,3.6231,3.5713,0.3267,0.0892,0,1.88,1.24972,0.33972,0.12764,0.06776,0,0,320,159,100,666039,403747,225781,9,11,320,522,542,1
229,3.51355,3,15.4959,3.452,12.0406,0.0041,11.6354,11.3356,0.2845,0.3952,0.0761,3.1562,3.841,4.1456,0.0291,0.0201,0.0116,0.0005,0.0015,0.0015,0.0429,3.3073,3.423,3.3699,0.2623,0.0545,0,1.65344,1.15888,0.2428,0.10984,0.06088,0,0,320,159,100,666039,403747,225781,9,11,320,522,542,1
230,3.52923,3,15.3754,3.2069,12.165,0.0022,11.8972,11.6047,0.2874,0.2627,0.0248,3.8438,4.1818,3.4336,0.03,0.0205,0.0112,0.0005,0.0013,0.0011,0.0494,3.6814,3.5788,3.5275,0.2267,0.0467,0,2.05628,1.58332,0.24504,0.0976,0.05572,0,0,320,159,100,666039,403747,225781,9,11,320,522,542,1
231,3.54462,3,15.1557,2.669,12.4834,0.0023,12.1371,11.8008,0.3317,0.3413,0.0202,3.5582,4.2338,3.8097,0.0449,0.0384,0.0194,0.0009,0.0023,0.0022,0.0628,3.7302,3.6717,3.6231,0.2596,0.0616,0,2.02568,1.01064,0.78828,0.09716,0.0562,0,0,321,159,101,666501,403747,226243,9,11,321,529,549,1
232,3.55934,3,14.5352,2.5981,11.9339,0.0022,11.6759,11.3921,0.279,0.2528,0.0248,3.4524,5.1785,2.6271,0.0277,0.0195,0.0116,0.0005,0.0015,0.0018,0.0408,4.2297,3.777,3.7215,0.3778,0.0447,0,2.11744,1.0268,0.85524,0.10304,0.05696,0,0,321,159,101,666501,403747,226243,9,11,321,529,549,1
233,3.57079,3,11.2736,2.2994,8.9719,0.002,8.7124,8.4933,0.2153,0.2548,0.019,2.6664,3.3838,2.3334,0.0193,0.017,0.0109,0.0003,0.0015,0.0012,0.0366,2.9023,3.0629,3.0272,0.2053,0.0362,0,2.26172,1.18556,0.23096,0.10348,0.05928,0,0,321,159,101,666501,403747,226243,9,11,321,529,549,1
234,3.58229,3,11.3275,2.1886,9.1361,0.002,8.9043,8.5728,0.3271,0.2274,0.0189,2.6487,3.3489,2.4162,0.0321,0.0284,0.0159,0.0007,0.0023,0.002,0.0532,2.867,3.1237,3.0867,0.1983,0.0462,0,1.67748,1.15748,0.25192,0.11752,0.0634,0,0,321,159,101,666501,403747,226243,9,11,321,529,549,1
235,3.59617,3,13.6394,2.5632,11.0732,0.0021,10.8376,10.6053,0.2283,0.231,0.0189,3.2156,4.857,2.4167,0.0235,0.0178,0.0108,0.0004,0.0012,0.0014,0.0375,4.138,3.6162,3.5588,0.3322,0.0379,0,2.67008,2.06272,0.30584,0.133,0.06976,0,0,321,159,101,666501,403747,226243,9,11,321,529,549,1
236,3.61269,3,16.3344,2.1368,14.1954,0.0016,13.7842,13.4109,0.3683,0.406,0.019,5.0225,5.1044,3.1056,0.0331,0.0391,0.0175,0.0008,0.0025,0.0016,0.057,4.4371,3.9384,3.8797,0.3354,0.0698,0,2.67636,2.064,0.31004,0.13248,0.07048,0,0,321,159,101,666501,403747,226243,9,11,321,529,549,1
237,3.62759,3,14.552,3.1603,11.3889,0.0024,11.1461,10.7567,0.3851,0.238,0.0205,2.7766,4.4898,3.357,0.0273,0.0223,0.0127,0.0006,0.0017,0.0016,0.0415,3.9597,3.4489,3.4014,0.2368,0.0442,0,2.88572,1.30056,1.28172,0.13456,0.07028,0,0,321,159,101,666501,403747,226243,9,11,321,529,549,1
238,3.64303,3,15.1868,3.4137,11.7698,0.0021,11.3352,10.9883,0.3419,0.4297,0.0202,2.8869,3.7279,4.1941,0.0388,0.0298,0.0168,0.0008,0.002,0.002,0.0625,3.2069,3.3267,3.2823,0.2612,0.0454,0,1.77572,1.17568,0.33216,0.11796,0.06304,0,0,321,159,101,666501,403747,226243,9,11,321,529,549,1
239,3.65854,3,15.3036,2.9175,12.3831,0.002,12.011,11.7308,0.2751,0.3669,0.0208,3.9034,3.9024,3.7855,0.025,0.0191,0.0117,0.0005,0.0014,0.0014,0.0548,3.4025,3.5535,3.5078,0.2398,0.0473,0,2.13688,1.64452,0.253,0.10352,0.05828,0,0,321,159,101,666501,403747,226243,9,11,321,529,549,1
240,3.67311,3,14.2726,3.0362,11.2327,0.0028,10.9155,10.6683,0.2427,0.3112,0.0245,3.5521,4.2888,2.6903,0.0225,0.0186,0.0128,0.0004,0.0017,0.0023,0.0487,3.7956,3.5381,3.4939,0.2362,0.038,0,2.19268,1.69524,0.25696,0.10384,0.05848,0,0,321,159,101,666501,403747,226243,9,11,321,529,549,1
241,3.68767,3,14.2568,2.7599,11.4937,0.0021,11.122,10.841,0.2764,0.3668,0.0204,3.2068,5.0982,2.4106,0.0263,0.0183,0.0108,0.0005,0.0013,0.0013,0.0406,4.2539,3.4265,3.3841,0.4465,0.0419,0,2.10052,1.5878,0.26324,0.1086,0.05988,0,0,321,159,101,666501,403747,226243,9,11,321,529,549,1
242,3.70294,3,15.0314,2.3675,12.6609,0.0019,12.4172,11.982,0.4314,0.2392,0.0238,4.2992,4.1036,3.3311,0.0269,0.019,0.017,0.0004,0.0015,0.001,0.1299,3.5651,3.7829,3.7268,0.2655,0.0385,0,4.69904,4.1824,0.26284,0.11108,0.06072,0,0,321,159,101,666501,403747,226243,9,11,321,529,549,1
243,3.71791,3,14.7843,2.2984,12.4833,0.0023,12.0519,11.6921,0.3548,0.426,0.0209,4.307,4.1571,3.051,0.0381,0.0283,0.0177,0.0006,0.0025,0.002,0.0601,3.6098,3.7806,3.7175,0.279,0.0601,0,2.17096,1.61008,0.27804,0.1152,0.06192,0,0,321,159,101,666501,403747,226243,9,11,321,529,549,1
244,3.73117,3,13.0082,2.801,10.2047,0.0023,9.9348,9.7083,0.2226,0.2649,0.0203,3.8668,3.4204,2.3105,0.0196,0.0162,0.01,0.0004,0.0016,0.0016,0.036,2.9317,3.0758,3.0405,0.2077,0.0352,0,2.8908,2.30744,0.32832,0.11048,0.06032,0,0,321,159,101,666501,403747,226243,9,11,321,529,549,1
245,3.74322,3,11.8445,2.3914,9.4506,0.002,9.2005,8.9253,0.2711,0.2455,0.0198,2.668,3.3192,2.814,0.0256,0.0197,0.0105,0.0005,0.0015,0.0013,0.041,2.85,3.3569,3.3133,0.196,0.0393,0,1.79808,1.23284,0.2768,0.1286,0.067,0,0,321,159,101,666501,403747,226243,9,11,321,529,549,1
246,3.75791,3,14.5032,2.4802,12.0204,0.002,11.7099,11.3529,0.3521,0.3053,0.02,3.4349,4.1738,3.5783,0.0339,0.032,0.0123,0.0006,0.0018,0.0014,0.0579,3.6594,3.4609,3.4089,0.2141,0.0571,0,2.65484,2.04532,0.308,0.13272,0.06928,0,0,321,159,101,666501,403747,226243,9,11,321,529,549,1
247,3.77163,3,13.5048,2.5343,10.9672,0.0021,10.7009,10.4505,0.2458,0.2612,0.0238,3.1626,4.794,2.3724,0.0225,0.0174,0.011,0.0003,0.0012,0.0015,0.0388,4.1226,3.4929,3.4464,0.2993,0.0411,0,2.67912,2.06972,0.30808,0.13288,0.06952,0,0,321,159,101,666501,403747,226243,9,11,321,529,549,1
248,3.78594,3,14.1242,1.8657,12.256,0.0017,11.6759,11.3098,0.361,0.5752,0.0185,4.1092,4.116,2.9157,0.035,0.0282,0.0169,0.0007,0.0022,0.0017,0.0589,3.5321,3.3745,3.3297,0.2921,0.0581,0,2.15204,1.29528,0.48908,0.1334,0.07176,4e-05,0,321,159,101,666501,403747,226243,9,11,321,529,549,1
249,3.80115,3,14.912,2.7925,12.1163,0.002,11.7087,11.387,0.3174,0.4022,0.0207,2.9233,5.5332,2.7977,0.0283,0.0191,0.0128,0.0005,0.0016,0.0016,0.0421,4.9815,3.4624,3.4165,0.3011,0.0653,0,2.05596,1.28472,0.46804,0.13332,0.0724,0,0,321,159,101,666501,403747,226243,9,11,321,529,549,1
250,3.8169,3,15.372,3.2397,12.129,0.0025,11.6851,11.3155,0.3645,0.4377,0.0239,2.8565,5.158,3.1155,0.0382,0.0291,0.0179,0.0006,0.0021,0.0022,0.0637,4.5955,3.6132,3.5602,0.2752,0.0592,0,3.04776,2.4386,0.31004,0.13312,0.06896,0,0,321,159,101,666501,403747,226243,9,11,321,529,549,1
251,3.83024,3,13.1452,2.7022,10.4405,0.0021,10.1812,9.957,0.2202,0.2549,0.0255,3.2951,4.1945,2.3435,0.0188,0.017,0.0102,0.0004,0.0013,0.0013,0.0375,3.7015,3.2911,3.2401,0.2305,0.0351,0,2.6776,2.09256,0.29896,0.12672,0.06628,0,0,321,159,101,666501,403747,226243,9,11,321,529,549,1
252,3.84148,3,11.0643,1.7264,9.3356,0.0016,9.0046,8.6829,0.3166,0.3266,0.0174,2.7534,3.354,2.4029,0.033,0.0408,0.0155,0.0007,0.0022,0.0019,0.0549,2.8864,3.1548,3.1167,0.2076,0.0507,0,1.7896,1.22508,0.27704,0.12752,0.06652,0,0,321,159,101,666501,403747,226243,9,11,321,529,549,1
253,3.85537,3,13.6521,2.3591,11.2896,0.0024,10.9018,10.62,0.2771,0.3825,0.0217,3.1673,4.8342,2.498,0.0236,0.0171,0.0105,0.0005,0.0016,0.0012,0.0389,4.1436,3.4739,3.4275,0.4644,0.042,0,2.134,1.27092,0.48504,0.13268,0.12668,0,0,321,159,101,666501,403747,226243,9,11,321,529,549,1
254,3.87077,3,15.2164,2.1821,13.0315,0.0021,12.6817,12.3946,0.2823,0.3447,0.022,4.4981,4.5853,3.1899,0.0226,0.0174,0.0108,0.0004,0.0016,0.001,0.0405,3.872,3.7342,3.6825,0.3395,0.0484,0,4.69656,4.0856,0.31008,0.13344,0.07012,0,0,321,159,101,666501,403747,226243,9,11,321,529,549,1
255,3.88598,3,15.0064,2.0378,12.9653,0.0021,12.3073,11.743,0.5599,0.6528,0.0207,4.2598,4.073,3.1966,0.0392,0.0619,0.0176,0.0007,0.0027,0.0027,0.0596,3.4925,3.6746,3.6184,0.2647,0.1471,0,2.6808,2.0708,0.3092,0.13312,0.06952,0,0,321,159,101,666501,403747,226243,9,11,321,529,549,1
256,3.90128,3,15.0283,2.4982,12.5272,0.0024,12.2174,11.8218,0.3905,0.3047,0.0229,4.0905,4.4051,3.1108,0.0375,0.0303,0.0186,0.0007,0.0022,0.002,0.0929,3.8166,4.177,4.1172,0.3052,0.0657,0,2.66324,2.05672,0.30716,0.13228,0.0696,4e-05,0,321,159,101,666501,403747,226243,9,11,321,529,549,1
257,3.91682,3,15.2615,3.4772,11.7815,0.0021,11.4929,11.1606,0.3276,0.2836,0.021,2.8168,5.3479,2.8653,0.0285,0.019,0.012,0.0005,0.0015,0.0012,0.0417,4.7882,3.3566,3.3125,0.307,0.072,0,3.1944,2.58056,0.31328,0.13308,0.06952,0,0,321,159,101,666501,403747,226243,9,11,321,529,549,1
258,3.93071,3,13.7024,3.5093,10.1903,0.0021,9.915,9.6893,0.2221,0.2704,0.0212,2.8737,4.3734,2.3267,0.0207,0.017,0.011,0.0004,0.0016,0.0013,0.0374,3.8558,3.2408,3.2013,0.2339,0.0373,0,2.63764,2.04248,0.30232,0.12912,0.06756,0,0,321,159,101,666501,403747,226243,9,11,321,529,549,1
259,3.94233,3,11.4088,2.0617,9.3443,0.002,9.0686,8.7271,0.3364,0.2707,0.0173,2.6053,3.3098,2.6457,0.0345,0.0278,0.0161,0.0007,0.0017,0.0019,0.0601,2.8481,3.2449,3.2062,0.1825,0.0534,0,1.84888,1.26888,0.28332,0.13152,0.06904,4e-05,0,322,159,102,681653,403747,241395,9,11,322,536,556,1
260,3.95534,3,12.7817,2.1069,10.6719,0.0019,10.3352,10.1126,0.2189,0.3317,0.0178,3.0623,4.2332,2.6926,0.0265,0.0188,0.0113,0.0005,0.0014,0.0012,0.0418,3.697,3.4097,3.3687,0.2415,0.0391,0,2.68624,2.07428,0.31292,0.13304,0.06936,0,0,322,159,102,681653,403747,241395,9,11,322,536,556,1
261,3.9695,3,13.8278,2.3424,11.4821,0.0022,11.235,10.991,0.2397,0.2425,0.0187,3.5011,4.9495,2.4119,0.025,0.0189,0.0119,0.0004,0.0015,0.0016,0.045,4.2643,3.5501,3.5047,0.3794,0.0434,0,2.49508,1.87844,0.31492,0.1336,0.07,0,0,322,159,102,681653,403747,241395,9,11,322,536,556,1
262,3.98366,3,13.97,2.0175,11.9497,0.0023,11.6758,11.3646,0.3066,0.2686,0.0217,4.1718,4.0404,3.0132,0.0302,0.0201,0.0121,0.0005,0.0016,0.002,0.0453,3.4429,3.6628,3.6125,0.2377,0.0555,0,5.86504,1.26524,0.2882,0.13312,4.05704,0,4e-05,322,159,102,681653,403747,241395,9,11,322,536,556,1
263,3.99826,3,14.416,2.8324,11.5811,0.0023,11.0733,10.7548,0.3138,0.5025,0.0212,2.8078,4.792,3.0167,0.0275,0.0187,0.0159,0.0004,0.0014,0.0014,0.0457,4.1732,3.7659,3.7139,0.3292,0.064,0,2.67148,2.05724,0.31392,0.13332,0.06952,0,0,322,159,102,681653,403747,241395,9,11,322,536,556,1
264,4.01171,3,13.2573,3.2266,10.0281,0.0024,9.6611,9.3618,0.2943,0.3618,0.0202,2.6795,4.0427,2.5207,0.0204,0.0185,0.0116,0.0004,0.0014,0.0014,0.0403,3.5443,3.0199,2.9836,0.2175,0.0482,0,1.85936,1.2732,0.28572,0.1328,0.06988,0,0,322,159,102,681653,403747,241395,9,11,322,536,556,1
265,4.02503,3,13.145,2.5704,10.5714,0.002,10.2475,9.9196,0.3225,0.3187,0.0216,2.9982,3.815,2.9372,0.0288,0.0286,0.0165,0.0007,0.0022,0.0022,0.0621,3.2449,3.4108,3.3641,0.2456,0.0534,0,3.35064,2.66612,0.38396,0.13344,0.06948,4e-05,0,322,159,102,681653,403747,241395,9,11,322,536,556,1
266,4.03864,3,13.3072,3.409,9.8949,0.0019,9.6138,9.2894,0.319,0.276,0.0187,2.8298,3.5483,2.7417,0.0288,0.0279,0.0111,0.0005,0.0015,0.0011,0.0744,3.0553,3.2639,3.2123,0.2224,0.0546,0,2.46192,1.7708,0.32576,0.13296,0.132,0,0,322,159,102,681653,403747,241395,9,11,322,536,556,1
267,4.05406,3,15.1916,2.6799,12.5082,0.002,12.1806,11.8682,0.308,0.3221,0.0206,5.1857,4.1455,2.4026,0.0328,0.018,0.0117,0.0003,0.0019,0.0012,0.0428,3.6451,3.5672,3.5056,0.2652,0.0563,0,2.74256,1.27416,1.16632,0.13328,0.0704,0,0,322,159,102,681653,403747,241395,9,11,322,536,556,1
268,4.06968,3,15.3952,2.3708,13.0213,0.0023,12.7085,12.4113,0.292,0.3074,0.0248,4.518,5.1308,2.6209,0.0303,0.0193,0.0118,0.0005,0.0015,0.0018,0.0458,4.4265,3.8052,3.7492,0.4368,0.0587,0,2.14296,1.27704,0.48668,0.13292,0.12752,0,0,322,159,102,681653,403747,241395,9,11,322,536,556,1
269,4.08603,3,16.1596,2.379,13.7777,0.0021,13.512,13.2809,0.2271,0.2612,0.0205,4.7879,4.6867,3.5865,0.0303,0.0211,0.0232,0.0115,0.019,0.0215,0.0528,4.0816,3.9644,3.9009,0.3339,0.0426,0,2.60752,1.24524,0.28096,0.13128,0.85308,0,0,322,159,102,681653,403747,241395,9,11,322,536,556,1
270,4.1013,3,15.0726,2.2794,12.7905,0.0022,12.4367,11.9619,0.4694,0.3483,0.0212,4.2654,4.4734,3.0321,0.0397,0.0304,0.0178,0.0007,0.0021,0.0023,0.0692,3.8415,3.8421,3.7861,0.3398,0.0604,0,1.89464,1.31328,0.29944,0.12472,0.0664,0,0,322,159,102,681653,403747,241395,9,11,322,536,556,1
271,4.11687,3,15.2578,2.7863,12.4682,0.002,11.8285,11.5606,0.2628,0.6347,0.0207,3.3806,5.1388,2.8969,0.0321,0.0214,0.012,0.0005,0.0017,0.0014,0.0485,4.5297,3.5466,3.4976,0.3248,0.0622,0,2.4834,1.91732,0.291,0.12104,0.06528,0,0,322,159,102,681653,403747,241395,9,11,322,536,556,1
272,4.13276,3,15.5593,3.4844,12.0714,0.0028,11.5493,11.2519,0.2925,0.5164,0.0233,2.9578,5.2143,2.9354,0.0307,0.021,0.0123,0.0004,0.0014,0.0012,0.0483,4.6268,3.5015,3.4549,0.2828,0.0467,0,2.81444,1.1928,1.34672,0.12116,0.06552,0,0,322,159,102,681653,403747,241395,9,11,322,536,556,1
273,4.14764,3,14.653,3.1057,11.5444,0.0023,11.1495,10.853,0.2918,0.3898,0.0207,2.8425,5.0561,2.8126,0.0306,0.0196,0.0153,0.0005,0.0019,0.0014,0.0466,4.523,3.4243,3.3769,0.252,0.0888,0,2.40396,1.84484,0.2938,0.11712,0.06348,0,4e-05,322,159,102,681653,403747,241395,9,11,322,536,556,1
274,4.16237,3,14.5249,3.5929,10.9293,0.0021,10.6345,10.3276,0.3019,0.2897,0.0203,2.7869,4.4272,2.9387,0.0334,0.0253,0.0164,0.0006,0.0023,0.0022,0.0678,3.8733,3.3722,3.3276,0.2726,0.0542,0,2.06824,1.17796,0.53672,0.11968,0.1398,0,4e-05,322,159,102,681653,403747,241395,9,11,322,536,556,1
275,4.17791,3,15.3562,2.916,12.4371,0.0023,12.1709,11.8615,0.3038,0.2608,0.0237,3.6975,3.7409,4.2104,0.0405,0.0355,0.0212,0.0009,0.0025,0.0027,0.0775,3.1998,3.4735,3.4265,0.2461,0.0625,0,2.36152,1.11428,0.98584,0.11496,0.06264,0,0,322,159,102,681653,403747,241395,9,11,322,536,556,1
276,4.19295,3,14.8056,2.6924,12.1096,0.0024,11.7327,11.4292,0.2986,0.3715,0.0255,3.3251,4.291,3.6519,0.0308,0.0214,0.0141,0.0005,0.0016,0.0016,0.0597,3.7781,3.4158,3.3711,0.2672,0.0465,0,2.297,1.0894,0.2482,0.10988,0.7634,0,0,322,159,102,681653,403747,241395,9,11,322,536,556,1
277,4.20687,3,13.6942,2.6842,11.0068,0.0021,10.7352,10.491,0.2398,0.2669,0.0245,3.3064,4.6772,2.3792,0.0222,0.0187,0.0114,0.0006,0.0014,0.0015,0.0427,4.0717,3.4814,3.4293,0.3406,0.0473,0,2.20568,1.07624,0.8824,0.10716,0.06004,0,0,322,159,102,681653,403747,241395,9,11,322,536,556,1
278,4.221,3,13.932,2.4665,11.4627,0.002,11.2187,10.971,0.244,0.2389,0.0215,3.4017,4.6012,2.8378,0.0246,0.0184,0.0114,0.0004,0.0016,0.0012,0.0454,3.999,3.4527,3.4041,0.3118,0.0435,0,2.13276,1.6188,0.26384,0.10872,0.06076,0,4e-05,322,159,102,681653,403747,241395,9,11,322,536,556,1
279,4.23708,3,15.8974,2.3055,13.5889,0.0022,13.3461,13.015,0.3263,0.2375,0.0238,4.7381,4.526,3.5053,0.1059,0.0276,0.0161,0.0007,0.0021,0.0023,0.0601,3.9733,4.1771,4.1162,0.3321,0.0528,0,2.34016,1.12852,0.95164,0.11384,0.06236,0,0,322,159,102,681653,403747,241395,9,11,322,536,556,1
280,4.25191,3,14.6388,2.3904,12.245,0.0026,11.963,11.6205,0.337,0.2763,0.0249,4.5818,3.9379,2.9566,0.0291,0.0205,0.0118,0.0005,0.0015,0.0013,0.0485,3.3919,3.6168,3.5674,0.2737,0.0473,0,2.28696,1.10512,0.922,0.11,0.061,0,4e-05,322,159,102,681653,403747,241395,9,11,322,536,556,1
281,4.26817,3,15.8814,2.9327,12.9449,0.0021,12.592,12.2652,0.3215,0.3472,0.024,4.0143,5.1303,2.798,0.0847,0.0246,0.0326,0.0006,0.0015,0.0014,0.1435,4.4703,4.0167,3.9557,0.3639,0.0584,0,2.30288,1.77412,0.27492,0.1114,0.06108,0,0,322,159,102,681653,403747,241395,9,11,322,536,556,1
282,4.28195,3,13.4887,2.9574,10.5278,0.0023,10.2065,9.9821,0.2203,0.3164,0.0216,3.4129,4.1095,2.3371,0.0214,0.0183,0.0109,0.0004,0.0013,0.0016,0.0424,3.6139,3.0499,3.0126,0.2236,0.0372,0,2.3074,1.77904,0.27356,0.11168,0.06104,0,0,322,159,102,681653,403747,241395,9,11,322,536,556,1
283,4.29446,3,12.2519,2.433,9.8154,0.002,9.5114,9.182,0.3245,0.2993,0.0197,2.7922,3.382,2.8697,0.0298,0.0203,0.0116,0.0005,0.0014,0.0015,0.0484,2.9065,3.5099,3.4651,0.2085,0.0521,0,2.14868,1.20676,0.57348,0.12336,0.133,0,0,322,159,102,681653,403747,241395,9,11,322,536,556,1
284,4.30955,3,14.8746,2.4595,12.4121,0.002,11.9976,11.6596,0.3336,0.4094,0.0196,3.6581,4.0703,3.7658,0.0364,0.0265,0.0144,0.0006,0.0019,0.0018,0.0584,3.5667,3.4176,3.3688,0.2351,0.0492,0,2.75664,1.33884,1.1178,0.13304,0.07016,0,4e-05,322,159,102,681653,403747,241395,9,11,322,536,556,1
285,4.32363,3,13.814,2.2436,11.5675,0.0021,11.2892,10.9608,0.3237,0.2733,0.0201,3.2911,4.8964,2.6358,0.031,0.0197,0.0117,0.0005,0.0017,0.0016,0.0457,4.2911,3.6171,3.567,0.2967,0.0521,0,2.65516,1.26864,1.08596,0.13332,0.07016,0,0,322,159,102,681653,403747,241395,9,11,322,536,556,1
286,4.33815,3,14.2711,2.4674,11.8006,0.0023,11.4294,11.1818,0.2431,0.3659,0.0407,3.3347,4.8606,2.8316,0.0251,0.0191,0.0117,0.0004,0.0018,0.0018,0.0457,4.213,3.636,3.5826,0.3691,0.0435,0,2.46388,1.84948,0.31284,0.13316,0.07036,0,0,322,159,102,681653,403747,241395,9,11,322,536,556,1
287,4.3549,3,16.339,2.3808,13.9547,0.002,13.6134,13.0194,0.5888,0.3366,0.0211,4.6541,4.6015,3.4115,0.0384,0.0991,0.0193,0.0007,0.002,0.0024,0.1227,3.9928,4.0275,3.9638,0.3349,0.0612,0,2.65576,1.26292,1.09316,0.13304,0.0696,0,0,322,159,102,681653,403747,241395,9,11,322,536,556,1
288,4.37067,3,15.5149,2.3543,13.1567,0.0022,12.6611,12.103,0.5531,0.4906,0.0216,4.4386,4.5112,2.9821,0.0297,0.0207,0.0116,0.0005,0.0014,0.0015,0.0789,3.8709,3.912,3.8496,0.3428,0.0449,0,2.57648,1.98776,0.29968,0.12808,0.06736,0,4e-05,322,159,102,681653,403747,241395,9,11,322,536,556,1
289,4.3838,3,12.9157,2.5147,10.3984,0.002,10.1355,9.9128,0.2187,0.2579,0.02,3.4241,4.0475,2.3261,0.0197,0.0167,0.0107,0.0004,0.0016,0.0012,0.0404,3.5651,3.1874,3.149,0.2185,0.0346,0,3.27216,2.70612,0.29044,0.12164,0.06496,4e-05,0,322,159,102,681653,403747,241395,9,11,322,536,556,1
290,4.39604,3,12.0338,2.1191,9.9122,0.0016,9.6227,9.2851,0.3326,0.285,0.0178,2.642,3.638,2.8605,0.0348,0.0199,0.0119,0.0006,0.0015,0.001,0.0522,3.0788,3.3791,3.3326,0.2462,0.0541,0,1.85464,1.2656,0.28728,0.13304,0.0704,0,0,322,159,102,681653,403747,241395,9,11,322,536,556,1
291,4.41078,3,14.5647,2.6658,11.8962,0.0021,11.574,11.2749,0.2942,0.3171,0.0208,3.5302,3.7148,3.8998,0.0251,0.0196,0.0115,0.0005,0.0014,0.0015,0.0448,3.2113,3.3938,3.3472,0.2247,0.0577,0,2.7814,1.26788,1.21376,0.13276,0.06952,0,0,322,159,102,681653,403747,241395,9,11,322,536,556,1
292,4.42477,3,13.8076,2.5046,11.3004,0.002,11.0224,10.7676,0.2501,0.2731,0.0197,3.5562,4.647,2.4218,0.0269,0.0197,0.0121,0.0008,0.0019,0.0016,0.0546,4.0532,3.754,3.7021,0.2942,0.0481,0,2.68408,2.07424,0.3096,0.13308,0.07064,0,0,322,159,102,681653,403747,241395,9,11,322,536,556,1
293,4.43962,3,14.646,2.5602,12.083,0.0021,11.7376,11.4477,0.2854,0.34,0.0242,3.3548,5.0092,2.9302,0.0282,0.0219,0.0137,0.0004,0.0016,0.0016,0.0557,4.2484,3.7502,3.6977,0.4374,0.0475,0,2.66856,1.27164,1.09528,0.1338,0.07036,0,0,322,159,102,681653,403747,241395,9,11,322,536,556,1
294,4.45569,3,15.8534,2.4702,13.3801,0.002,13.0515,12.7446,0.3018,0.324,0.0217,4.6598,4.3714,3.5701,0.0304,0.0218,0.0117,0.0005,0.0014,0.0016,0.0477,3.7117,3.9384,3.874,0.3056,0.0479,0,2.07948,1.25188,0.5236,0.13332,0.07288,0,0,322,159,102,681653,403747,241395,9,11,322,536,556,1
295,4.47182,3,15.8941,2.2767,13.6144,0.0019,13.1635,12.585,0.5734,0.4464,0.0197,4.6209,4.4778,3.1174,0.0396,0.0829,0.0207,0.0009,0.002,0.0023,0.1929,3.8857,4.0433,3.9782,0.3471,0.1416,0,2.67724,1.2678,1.1086,0.133,0.0702,0,0,322,159,102,681653,403747,241395,9,11,322,536,556,1
296,4.487,3,14.9,2.5342,12.3626,0.0021,12.0485,11.7188,0.3247,0.3087,0.0209,4.1104,4.3299,2.9582,0.0401,0.0545,0.018,0.0007,0.0299,0.0054,0.1419,3.7563,3.6523,3.5988,0.2989,0.0605,0,2.44892,1.82724,0.3052,0.13036,0.0688,4e-05,0,322,159,102,681653,403747,241395,9,11,322,536,556,1
297,4.50314,3,15.9151,3.3533,12.5579,0.0037,12.1051,11.766,0.3341,0.4455,0.021,3.2157,5.3167,3.0384,0.0409,0.032,0.0205,0.0007,0.0022,0.0023,0.0687,4.6957,3.6929,3.6365,0.3354,0.0727,0,2.5178,1.94472,0.29268,0.1238,0.06564,0,4e-05,322,159,102,681653,403747,241395,9,11,322,536,556,1
298,4.51882,3,15.3828,3.6363,11.743,0.0024,11.3923,11.0236,0.3635,0.3452,0.0216,3.1255,4.774,2.9338,0.0397,0.0298,0.0188,0.0006,0.0021,0.0023,0.0684,4.2092,3.5462,3.4764,0.2959,0.0621,0,2.6826,2.09204,0.2986,0.12976,0.0686,0,0,322,159,102,681653,403747,241395,9,11,322,536,556,1
299,4.53427,3,15.1869,3.3183,11.8649,0.0027,11.5217,11.227,0.2892,0.3372,0.0266,3.6702,4.1839,3.2007,0.0402,0.0302,0.0125,0.0006,0.0014,0.0013,0.0532,3.6731,3.5127,3.4625,0.2424,0.0601,0,2.57448,1.20368,1.08572,0.1268,0.06632,0,0,322,159,102,681653,403747,241395,9,11,322,536,556,1
300,4.55005,3,15.5099,3.0575,12.4491,0.0023,12.1697,11.807,0.3576,0.2742,0.0275,3.664,4.0065,3.9418,0.0393,0.0301,0.0182,0.0007,0.0019,0.0024,0.0676,3.4973,3.5908,3.5406,0.2593,0.0517,0,1.71196,1.17176,0.2654,0.12028,0.06472,0,0,322,159,102,681653,403747,241395,9,11,322,536,556,1
301,4.56643,3,16.0616,2.9688,13.0899,0.0022,12.8219,12.597,0.2207,0.263,0.0236,3.7345,5.3187,3.4057,0.0283,0.0192,0.0122,0.0005,0.0012,0.0013,0.0461,4.6702,4.1772,4.1167,0.367,0.0406,0,1.77168,1.17924,0.32032,0.12004,0.06444,0,0,322,159,102,681653,403747,241395,9,11,322,536,556,1
302,4.57938,3,12.7747,2.5118,10.2602,0.0025,10.0019,9.7597,0.2372,0.2529,0.0242,3.0838,3.7062,2.7933,0.0292,0.0285,0.0173,0.0006,0.0024,0.0016,0.0657,3.1684,3.6219,3.5756,0.2649,0.0392,0,1.91616,1.4184,0.25648,0.10436,0.0592,0,0,322,159,102,681653,403747,241395,9,11,322,536,556,1
303,4.59422,3,14.5586,2.44,12.1154,0.0019,11.8935,11.6745,0.215,0.2173,0.0205,3.8579,3.9937,3.6969,0.0222,0.0179,0.0106,0.0003,0.0017,0.0015,0.0462,3.4762,3.4377,3.3937,0.2746,0.0382,0,3.02452,1.26332,1.4682,0.12928,0.06796,0,0,322,159,102,681653,403747,241395,9,11,322,536,556,1
304,4.60591,3,11.5085,1.9218,9.5842,0.002,9.2847,9.0572,0.2236,0.2946,0.02,2.9749,3.6084,2.3581,0.0205,0.0173,0.0101,0.0003,0.0014,0.0017,0.0401,3.0365,3.1319,3.0927,0.2155,0.0371,0,1.68748,1.16196,0.2564,0.11832,0.06412,0,0,322,159,102,681653,403747,241395,9,11,322,536,556,1
305,4.61846,3,12.296,2.3259,9.9669,0.002,9.6016,9.2724,0.3238,0.36,0.0189,2.762,3.5382,2.7815,0.0389,0.0308,0.0239,0.0007,0.0019,0.0021,0.0674,3.0117,3.3633,3.3199,0.2404,0.0561,0,1.8468,1.2636,0.28288,0.13316,0.06992,0,0,322,159,102,681653,403747,241395,9,11,322,536,556,1
306,4.63239,3,13.692,2.4773,11.2116,0.0025,10.9644,10.7178,0.2419,0.242,0.0261,3.1503,4.6372,2.7809,0.0296,0.0202,0.0127,0.0005,0.002,0.0017,0.0496,4.0607,3.7266,3.6664,0.2555,0.0406,0,2.59848,1.9868,0.31056,0.13344,0.07008,0,0,322,159,102,681653,403747,241395,9,11,322,536,556,1
307,4.64882,3,16.2379,2.1765,14.0578,0.0022,13.5833,13.2693,0.3091,0.4461,0.0233,4.6104,5.6677,2.8532,0.0272,0.019,0.0116,0.0005,0.0014,0.0018,0.0474,5.0763,3.4567,3.4113,0.3108,0.0499,0,4.82316,4.21516,0.30668,0.13316,0.07012,0,0,322,159,102,681653,403747,241395,9,11,322,536,556,1
308,4.66405,3,14.8895,2.3414,12.5453,0.0022,12.259,11.706,0.5143,0.2714,0.021,2.8513,4.9216,3.744,0.0365,0.031,0.018,0.0007,0.0024,0.0022,0.0696,4.3462,3.5106,3.4659,0.3112,0.0783,0,2.6634,2.04872,0.31336,0.13364,0.07028,0,0,322,159,102,681653,403747,241395,9,11,322,536,556,1
309,4.67983,3,15.5132,2.915,12.595,0.002,12.3082,12.0202,0.2837,0.2819,0.0205,2.825,5.591,3.469,0.0277,0.0191,0.0119,0.0004,0.0016,0.002,0.0461,4.9734,3.5243,3.4752,0.3069,0.0436,0,3.26876,2.65764,0.31108,0.13336,0.06908,4e-05,0,322,159,102,681653,403747,241395,9,11,322,536,556,1
310,4.69476,3,14.7291,2.1617,12.5645,0.0021,12.2646,11.9479,0.312,0.2949,0.02,3.7684,4.1795,3.8064,0.0382,0.0315,0.0174,0.0007,0.0023,0.002,0.0747,3.6661,3.5072,3.4532,0.2638,0.0529,0,2.76384,1.2654,1.19272,0.13424,0.07272,0,0,322,159,102,681653,403747,241395,9,11,322,536,556,1
311,4.70867,3,13.6267,2.4106,11.2128,0.0023,10.862,10.6183,0.2389,0.3457,0.0245,2.9303,4.9231,2.6195,0.0257,0.0213,0.0131,0.0006,0.0017,0.0024,0.0504,4.3526,3.5816,3.5225,0.4765,0.0403,0,1.9084,1.32508,0.28252,0.1332,0.06992,0,0,322,159,102,681653,403747,241395,9,11,322,536,556,1
312,4.72009,3,11.2151,1.986,9.2258,0.0018,8.9897,8.7833,0.2026,0.2319,0.0194,2.8963,3.368,2.4045,0.0252,0.0162,0.0091,0.0004,0.0016,0.0014,0.0361,2.8977,3.1442,3.1064,0.1968,0.0327,0,2.51484,1.3464,0.32368,0.11704,0.63784,0,0,322,159,102,681653,403747,241395,9,11,322,536,556,1
313,4.73315,3,12.8899,2.0709,10.816,0.0025,10.5696,10.2791,0.2854,0.2407,0.0204,3.1667,4.2592,2.7264,0.028,0.0171,0.0099,0.0005,0.0012,0.0017,0.0428,3.71,3.7935,3.7433,0.2859,0.0519,0,2.0638,1.26192,0.42424,0.1334,0.125,0,0,322,159,102,681653,403747,241395,9,11,322,536,556,1
314,4.7476,3,14.2312,3.1844,11.044,0.0024,10.7166,10.1674,0.5438,0.3217,0.0237,2.8015,4.3056,2.8924,0.0333,0.0274,0.0154,0.0006,0.002,0.0022,0.0565,3.7538,3.3541,3.3094,0.2297,0.2508,0,2.00492,1.27608,0.42452,0.13348,0.0722,4e-05,0,322,159,102,681653,403747,241395,9,11,322,536,556,1
315,4.76299,3,15.0884,2.8246,12.2606,0.0028,11.8884,11.5393,0.3435,0.3657,0.025,3.6394,4.0823,3.6419,0.0294,0.027,0.017,0.0006,0.0022,0.0019,0.065,3.5846,3.5764,3.5246,0.23,0.0633,0,2.12996,1.25948,0.56756,0.13352,0.07036,4e-05,0,322,159,102,681653,403747,241395,9,11,322,536,556,1
316,4.77912,3,15.8504,2.7307,13.1159,0.0023,12.7509,12.41,0.3358,0.3591,0.0208,3.8095,3.9286,4.4927,0.0419,0.0296,0.016,0.0006,0.0016,0.0017,0.0608,3.4103,3.6034,3.5534,0.2915,0.0585,0,2.04952,1.2712,0.40176,0.13356,0.12324,4e-05,0,322,159,102,681653,403747,241395,9,11,322,536,556,1
317,4.79537,3,16.0141,2.8153,13.1959,0.0025,12.7679,12.5235,0.2395,0.4224,0.0209,3.5009,4.8652,3.9967,0.0398,0.0288,0.0128,0.0006,0.0017,0.0016,0.0484,4.3306,3.936,3.8758,0.2836,0.0485,0,2.49864,1.93236,0.289,0.12168,0.06576,0,0,322,159,102,681653,403747,241395,9,11,322,536,556,1
318,4.81221,3,16.5228,2.7751,13.7437,0.0024,13.4611,13.0746,0.3818,0.2774,0.0214,3.4459,5.4113,4.0823,0.0287,0.0192,0.0105,0.0004,0.0013,0.0017,0.0457,4.7598,4.1536,4.0797,0.3788,0.0508,0,2.45952,1.90392,0.28584,0.11856,0.06412,0,0,322,159,102,681653,403747,241395,9,11,322,536,556,1
319,4.82389,3,11.4602,2.1264,9.3311,0.0019,9.0817,8.872,0.2056,0.2451,0.0203,2.6836,3.4812,2.5944,0.0238,0.0157,0.0086,0.0004,0.0014,0.0012,0.037,3.0015,3.3502,3.3108,0.2099,0.0364,0,1.73048,1.18008,0.2712,0.12276,0.06592,0,4e-05,322,159,102,681653,403747,241395,9,11,322,536,556,1
320,4.83827,3,14.1998,2.1936,12.0031,0.002,11.6416,11.3011,0.3346,0.3562,0.0245,3.1305,4.1578,3.8447,0.0305,0.0257,0.014,0.0005,0.002,0.0014,0.0631,3.5468,4.1672,4.0699,0.2646,0.0534,0,1.964,1.27032,0.29964,0.13288,0.06996,0,0,322,159,102,681653,403747,241395,9,11,322,536,556,1
321,4.85218,3,13.6603,2.1933,11.4636,0.002,10.9964,10.6778,0.314,0.462,0.0196,3.7652,3.9275,2.8224,0.0381,0.026,0.0158,0.0006,0.0025,0.0019,0.0512,3.3782,3.4112,3.3667,0.2672,0.0657,0,3.32888,1.24936,1.77924,0.1344,0.07008,0,0,322,159,102,681653,403747,241395,9,11,322,536,556,1
322,4.8684,3,15.9122,2.8751,13.0336,0.0025,12.6998,12.4025,0.2926,0.328,0.0231,3.1999,4.2454,4.765,0.0393,0.0309,0.0184,0.0008,0.0024,0.002,0.0683,3.7424,3.4219,3.3745,0.234,0.0462,0,3.0824,2.4012,0.37972,0.1332,0.07212,0,0,322,159,102,681653,403747,241395,9,11,322,536,556,1
323,4.88457,3,15.8355,3.1443,12.6872,0.0027,12.3807,11.9949,0.3797,0.3004,0.0336,4.2608,3.7752,3.7774,0.0386,0.0317,0.0133,0.0005,0.0017,0.0019,0.054,3.2699,3.7846,3.7272,0.2316,0.0667,0,2.83852,2.22688,0.31268,0.13332,0.06972,0,0,322,159,102,681653,403747,241395,9,11,322,536,556,1
324,4.89817,3,13.4066,2.3272,11.0763,0.0022,10.8238,10.5943,0.2257,0.2477,0.0214,3.3204,4.6999,2.4379,0.0259,0.0196,0.0117,0.0004,0.0014,0.0017,0.0479,4.075,3.5309,3.4854,0.3966,0.0417,0,2.617,2.02644,0.30004,0.12832,0.06784,0,0,322,159,102,681653,403747,241395,9,11,322,536,556,1
325,4.91304,3,14.6926,2.4991,12.1905,0.0023,11.9486,11.7258,0.2186,0.2371,0.0242,3.6628,5.3503,2.5801,0.0253,0.0184,0.0109,0.0005,0.0013,0.0015,0.0449,4.464,3.6499,3.5996,0.4261,0.0404,0,2.53748,1.96396,0.29408,0.12352,0.066,0,0,322,159,102,681653,403747,241395,9,11,322,536,556,1
326,4.92554,3,12.3135,2.0628,10.2481,0.002,9.8118,9.5237,0.2837,0.4315,0.0197,3.483,3.4409,2.4761,0.025,0.0181,0.0101,0.0007,0.0017,0.0009,0.0432,2.9488,3.1345,3.0948,0.2208,0.05,0,3.8768,3.32568,0.28096,0.11884,0.06408,4e-05,0,322,159,102,681653,403747,241395,9,11,322,536,556,1
327,4.94035,3,14.5224,2.4437,12.0747,0.0025,11.6754,11.2323,0.4387,0.3935,0.0281,3.4268,4.3272,3.1967,0.131,0.0214,0.0117,0.0005,0.0016,0.0018,0.08,3.7427,3.8985,3.8399,0.2936,0.0441,0,1.9492,1.25332,0.39572,0.1328,0.07008,0,0,322,159,102,681653,403747,241395,9,11,322,536,556,1
328,4.9554,3,14.8527,2.2148,12.6348,0.002,12.3009,11.9913,0.3049,0.3287,0.021,4.0037,4.7341,2.8887,0.0584,0.1327,0.0145,0.0006,0.0016,0.002,0.1119,4.1035,3.7412,3.6798,0.3231,0.0627,0,2.86444,1.2704,1.29304,0.13392,0.06992,4e-05,0,322,159,102,681653,403747,241395,9,11,322,536,556,1
329,4.97097,3,15.1791,3.0085,12.167,0.0025,11.8136,11.5266,0.2816,0.3476,0.0241,2.8382,5.6205,2.8217,0.0482,0.0481,0.0198,0.0005,0.0014,0.0016,0.0958,4.9724,3.538,3.4883,0.3579,0.0479,0,2.65876,2.04716,0.3116,0.13332,0.07012,0,0,322,159,102,681653,403747,241395,9,11,322,536,556,1
330,4.98679,3,15.2733,3.1397,12.1302,0.0022,11.8724,11.507,0.3609,0.2528,0.021,3.0633,5.3593,2.8976,0.0395,0.0303,0.0179,0.0007,0.0021,0.0021,0.0657,4.7075,3.5673,3.524,0.2623,0.0507,0,3.2544,2.64412,0.31208,0.13336,0.06892,0,0,322,159,102,681653,403747,241395,9,11,322,536,556,1
331,5.00088,3,13.8526,3.6977,10.1511,0.0024,9.9141,9.6889,0.2213,0.232,0.1268,2.8714,4.2044,2.3833,0.0209,0.0179,0.0151,0.0004,0.0012,0.0011,0.0414,3.6995,3.1642,3.1272,0.2423,0.037,0,4.63532,2.73692,0.28548,0.13352,1.37948,4e-05,0,322,159,102,681653,403747,241395,9,11,322,536,556,1
332,5.01289,3,11.8349,1.9301,9.9025,0.0017,9.616,9.2955,0.316,0.2818,0.0169,2.7968,3.4842,2.8708,0.0262,0.0187,0.0111,0.0004,0.0016,0.0009,0.0622,2.9892,3.4589,3.4123,0.2014,0.0462,0,2.10596,1.27228,0.45664,0.13292,0.12436,0,4e-05,322,159,102,681653,403747,241395,9,11,322,536,556,1
333,5.02941,3,16.2217,2.7717,13.4471,0.0025,13.1182,12.7933,0.3198,0.3234,0.022,4.3567,4.9675,3.2933,0.0381,0.0267,0.0167,0.0006,0.0026,0.0017,0.0602,4.3782,4.1429,4.0826,0.3073,0.0532,0,2.88816,1.26788,0.29192,0.1348,0.07112,0,0,322,159,102,681653,403747,241395,9,11,322,536,556,1
334,5.04302,3,13.4214,2.3561,11.0618,0.0021,10.8165,10.5805,0.2321,0.2401,0.0224,4.0572,3.9085,2.4818,0.0273,0.0189,0.011,0.0005,0.0015,0.002,0.0437,3.3766,3.6218,3.5736,0.2679,0.0387,0,2.65448,1.27004,1.08372,0.13332,0.07,0,0,322,159,102,681653,403747,241395,9,11,322,536,556,1
335,5.05571,3,12.5078,2.044,10.4613,0.0021,10.1912,9.7944,0.3926,0.265,0.0195,2.6993,3.8347,3.0375,0.0281,0.0252,0.0159,0.0006,0.0021,0.0026,0.1224,3.2935,3.5787,3.5322,0.2653,0.0418,0,2.41652,1.80576,0.3098,0.133,0.07012,4e-05,0,322,159,102,681653,403747,241395,9,11,322,536,556,1
336,5.07069,3,14.7576,3.3543,11.4001,0.002,11.1034,10.6613,0.4367,0.2918,0.0193,2.7893,4.5977,3.1308,0.0282,0.0197,0.0121,0.0005,0.0015,0.0021,0.0546,4.0211,3.606,3.5576,0.2451,0.0575,0,2.68216,2.07296,0.3086,0.13308,0.07008,0,0,322,159,102,681653,403747,241395,9,11,322,536,556,1
337,5.08554,3,14.6027,2.6311,11.9688,0.0021,11.717,11.4252,0.2868,0.2467,0.0229,3.4299,4.3553,3.5198,0.0212,0.0176,0.0105,0.0004,0.0016,0.0013,0.0397,3.8453,3.2068,3.1697,0.232,0.1046,0,2.73052,2.1172,0.31072,0.13312,0.06984,4e-05,0,322,159,102,681653,403747,241395,9,11,322,536,556,1
338,5.09808,3,12.3497,1.9995,10.3478,0.0018,10.0982,9.7379,0.3554,0.245,0.0213,2.63,3.8223,3.1093,0.0354,0.0267,0.0195,0.0007,0.0019,0.0013,0.0634,3.2521,3.5688,3.5212,0.2627,0.0546,0,1.8518,1.26816,0.28408,0.133,0.06956,0,0,322,159,102,681653,403747,241395,9,11,322,536,556,1
339,5.1126,3,14.3411,2.3353,12.0034,0.002,11.6833,11.3744,0.3041,0.3149,0.0218,3.556,4.0489,3.6372,0.0254,0.0178,0.0128,0.0004,0.0018,0.0012,0.0451,3.5521,3.4795,3.4373,0.204,0.0417,0,2.71928,2.11196,0.30824,0.13324,0.0694,0,0,322,159,102,681653,403747,241395,9,11,322,536,556,1
340,5.12615,3,13.312,2.4094,10.8991,0.0024,10.6068,10.3353,0.2659,0.2866,0.0275,3.6929,3.9181,2.5953,0.0217,0.0184,0.0106,0.0004,0.0017,0.0013,0.0424,3.4219,3.4249,3.3593,0.2228,0.0518,0,1.89636,1.27056,0.28432,0.13284,0.07032,0,0,322,159,102,681653,403747,241395,9,11,322,536,556,1
341,5.14057,3,14.1969,1.9988,12.1954,0.0023,11.8778,11.5416,0.3313,0.3124,0.023,3.4371,5.2841,2.6832,0.0297,0.0188,0.0115,0.0005,0.0014,0.0015,0.0445,4.5884,3.8428,3.7749,0.4479,0.0444,0,2.4592,1.8452,0.31332,0.13328,0.07,0,0,322,159,102,681653,403747,241395,9,11,322,536,556,1
342,5.15645,3,15.6978,1.9034,13.7915,0.0024,13.5067,13.0284,0.4738,0.2797,0.0238,4.9183,4.5247,3.359,0.0283,0.0702,0.0473,0.0005,0.0016,0.0016,0.0458,3.8935,4.0844,4.0161,0.2983,0.0433,0,2.7818,2.17392,0.30732,0.13312,0.06992,0,0,322,159,102,681653,403747,241395,9,11,322,536,556,1
343,5.17045,3,13.818,1.9544,11.8611,0.0022,11.5905,11.2355,0.35,0.2655,0.021,3.1341,5.0295,2.8279,0.0771,0.0195,0.0716,0.0005,0.0013,0.0018,0.0451,4.4442,3.7062,3.6555,0.3025,0.0595,0,1.89196,1.28288,0.30968,0.13356,0.0696,0,4e-05,322,159,102,681653,403747,241395,9,11,322,536,556,1
344,5.18356,3,12.8428,2.5666,10.2733,0.0019,10.0116,9.7893,0.2184,0.2568,0.0621,2.9522,4.3255,2.3527,0.0208,0.0179,0.0109,0.0003,0.0016,0.0009,0.0399,3.8366,3.2894,3.2475,0.2221,0.0353,0,2.9728,2.36608,0.3066,0.13308,0.06976,0,0,322,159,102,681653,403747,241395,9,11,322,536,556,1
345,5.19541,3,11.6443,1.9633,9.6783,0.002,9.4033,9.0299,0.3686,0.2699,0.0173,2.7702,3.3294,2.7573,0.0294,0.0286,0.0191,0.0008,0.0038,0.0031,0.065,2.865,3.4652,3.422,0.1935,0.0606,0,1.85076,1.26572,0.28404,0.13292,0.07064,0,0,322,159,102,681653,403747,241395,9,11,322,536,556,1
346,5.20942,3,13.733,1.9318,11.7978,0.002,11.5282,11.237,0.287,0.2649,0.0203,3.3543,4.7973,2.9246,0.0337,0.0273,0.0161,0.0007,0.0021,0.0021,0.0516,4.2927,3.4929,3.4472,0.2295,0.0423,0,2.5606,1.95312,0.307,0.1328,0.07004,0,0,322,159,102,681653,403747,241395,9,11,322,536,556,1
347,5.22395,3,14.3633,1.9882,12.3724,0.0022,11.9705,11.5864,0.3788,0.3968,0.0227,3.5347,5.2381,2.645,0.0292,0.0185,0.0115,0.0004,0.0014,0.0021,0.0766,4.4774,3.8266,3.7711,0.4427,0.0522,0,2.40672,1.78984,0.31556,0.13324,0.07036,0,0,322,159,102,681653,403747,241395,9,11,322,536,556,1
348,5.24053,3,16.3907,2.0572,14.3305,0.0023,14.0231,13.7922,0.2264,0.3022,0.022,5.331,4.6213,3.7043,0.0289,0.0195,0.0117,0.0005,0.0014,0.0014,0.0444,4.0021,4.2858,4.2217,0.4025,0.0424,0,2.64508,2.03512,0.30976,0.13264,0.07008,0,0,322,159,102,681653,403747,241395,9,11,322,536,556,1
349,5.25526,3,14.4876,2.1436,12.3413,0.0019,12.0229,11.7088,0.3091,0.3136,0.0213,2.867,4.6631,4.0005,0.0363,0.0277,0.017,0.0006,0.0023,0.0021,0.0645,4.0572,3.6676,3.6177,0.275,0.0533,0,1.91228,1.2688,0.34412,0.13308,0.06972,0,0,322,159,102,681653,403747,241395,9,11,322,536,556,1
350,5.26951,3,13.8801,2.8308,11.0461,0.002,10.7184,10.4403,0.2738,0.3225,0.0248,2.7581,4.6672,2.8705,0.0299,0.0198,0.0123,0.0005,0.0019,0.0013,0.0482,4.1462,3.4284,3.3851,0.2371,0.0453,0,2.06528,1.27116,0.40924,0.13276,0.13284,0,0,322,159,102,681653,403747,241395,9,11,322,536,556,1
351,5.2932,3,23.3366,11.6236,11.7096,0.0034,11.3637,11.1042,0.2542,0.3395,0.0316,3.4281,5.0599,2.4692,0.0279,0.0189,0.0117,0.0004,0.0016,0.0016,0.0475,4.3453,3.7476,3.6992,0.4662,0.0468,0,1.85604,1.23284,0.33684,0.12612,0.06756,0,4e-05,322,159,102,681653,403747,241395,9,11,322,536,556,1
352,5.30767,3,14.2748,3.525,10.7474,0.002,10.3199,10.0354,0.28,0.4226,0.0211,3.6996,3.6762,2.5319,0.0219,0.0179,0.0108,0.0003,0.0014,0.0015,0.0481,3.1485,3.2132,3.1725,0.2267,0.0449,0,1.91196,1.1856,0.44912,0.1216,0.06712,0,0,340,165,108,694751,408113,245761,10,12,340,572,592,1
353,5.32474,3,16.7719,2.4737,14.2948,0.0019,13.9745,13.6967,0.2736,0.3157,0.0199,3.9608,5.1325,4.4317,0.0329,0.0223,0.0131,0.0006,0.0018,0.0015,0.0736,4.3459,3.981,3.9179,0.3403,0.0499,0,1.94024,1.26928,0.28096,0.13544,0.15736,0,0,358,171,114,707849,412479,250127,11,13,358,608,628,1
354,5.3415,3,16.533,2.5503,13.9796,0.0024,13.6659,13.4123,0.2495,0.3092,0.0254,4.5376,5.3876,3.3277,0.0291,0.0197,0.0128,0.0005,0.0014,0.0015,0.063,4.6934,3.941,3.88,0.4021,0.0437,0,4.31708,3.70652,0.30984,0.13328,0.07004,0,0,358,171,114,707849,412479,250127,11,13,358,608,628,1
355,5.35952,3,17.5817,2.4695,15.1083,0.0021,14.7869,14.4479,0.3342,0.3164,0.0198,4.2709,5.9866,3.9861,0.0381,0.0265,0.0164,0.0008,0.0016,0.0017,0.092,5.2283,4.9118,4.8281,0.4234,0.065,0,2.46148,1.84892,0.3114,0.13296,0.06976,0,0,358,171,114,707849,412479,250127,11,13,358,608,628,1
356,5.37816,3,18.179,2.9132,15.2625,0.0028,14.9414,14.6895,0.2474,0.3152,0.0294,5.6375,5.2635,3.6153,0.0293,0.0204,0.0122,0.0005,0.0019,0.0012,0.0718,4.5733,4.0976,4.015,0.3865,0.0467,0,2.0664,1.27344,0.48808,0.13332,0.07248,0,0,358,171,114,707849,412479,250127,11,13,358,608,628,1
357,5.39657,3,17.9694,2.3609,15.6054,0.002,15.2746,15.0294,0.2406,0.3257,0.02,5.2803,5.7286,3.8491,0.0288,0.0349,0.0124,0.0005,0.002,0.0016,0.0649,5.0926,4.5324,4.4614,0.4594,0.0428,0,2.69832,2.08908,0.30872,0.13296,0.06984,0,0,358,171,114,707849,412479,250127,11,13,358,608,628,1
358,5.41442,3,17.6352,2.3644,15.2671,0.0024,14.9512,14.7201,0.2267,0.3108,0.0254,5.6033,5.2283,3.7285,0.028,0.0203,0.0121,0.0005,0.0016,0.002,0.0641,4.5705,4.3834,4.3114,0.3497,0.0417,0,2.66192,1.26848,1.09092,0.13284,0.06996,4e-05,0,358,171,114,707849,412479,250127,11,13,358,608,628,1
359,5.43255,3,17.8754,2.4872,15.3854,0.0021,14.9632,14.6982,0.2604,0.4171,0.0206,5.0508,5.5588,3.9323,0.0299,0.0195,0.0125,0.0005,0.0015,0.0019,0.0644,4.7941,4.0765,4.0087,0.4142,0.0473,0,2.06356,1.26596,0.4154,0.13344,0.12896,0,4e-05,358,171,114,707849,412479,250127,11,13,358,608,628,1
360,5.45032,3,17.5719,2.6399,14.9294,0.0021,14.5967,14.3673,0.2254,0.3277,0.0212,5.057,5.1458,4.0037,0.0299,0.0234,0.0126,0.0004,0.0016,0.0015,0.0644,4.4301,4.2941,4.2303,0.3453,0.0437,0,2.64652,1.2676,1.07744,0.1334,0.06968,0,0,358,171,114,707849,412479,250127,11,13,358,608,628,1
361,5.46849,3,17.9672,2.4982,15.4654,0.0025,15.1488,14.8457,0.2982,0.3112,0.0247,5.6867,5.0367,3.9535,0.0299,0.0198,0.0122,0.0006,0.0016,0.0016,0.0719,4.28,4.5894,4.5177,0.3796,0.0454,0,2.67244,2.05956,0.3126,0.13236,0.06968,0,0,358,171,114,707849,412479,250127,11,13,358,608,628,1
362,5.4868,3,18.1009,2.4334,15.6637,0.0022,15.327,15.05,0.2725,0.3314,0.022,3.7781,6.9177,4.1962,0.0305,0.0198,0.0125,0.0005,0.0016,0.0012,0.0637,6.2437,4.4075,4.3182,0.4655,0.0457,0,2.12868,1.264,0.49012,0.13056,0.12628,0,0,358,171,114,707849,412479,250127,11,13,358,608,628,1
363,5.50453,3,17.5062,2.5233,14.9798,0.0023,14.6072,14.3704,0.2318,0.3674,0.0256,4.1096,6.2819,3.8159,0.0326,0.0206,0.0117,0.0005,0.0015,0.0013,0.0628,5.5801,4.0032,3.9332,0.3945,0.0426,0,1.775,1.21368,0.27428,0.12656,0.06736,0,0,358,171,114,707849,412479,250127,11,13,358,608,628,1
364,5.52212,3,17.3797,2.4953,14.8801,0.0022,14.3651,13.7656,0.5941,0.5097,0.0212,4.4301,5.514,3.5063,0.053,0.1044,0.0133,0.0005,0.0016,0.0014,0.1136,4.8658,4.1413,4.0725,0.3806,0.0664,0,1.84936,1.28068,0.28996,0.12296,0.0652,0,0,358,171,114,707849,412479,250127,11,13,358,608,628,1
365,5.53968,3,17.3788,2.418,14.9585,0.002,14.5998,14.132,0.4629,0.3541,0.021,4.5326,5.2021,4.0995,0.1228,0.0194,0.0112,0.0005,0.0015,0.0015,0.114,4.5915,4.1478,4.0803,0.3551,0.0545,0,1.8758,1.3106,0.28808,0.1216,0.06484,0,0,358,171,114,707849,412479,250127,11,13,358,608,628,1
366,5.55642,3,16.4865,2.4119,14.0714,0.0021,13.7149,13.3849,0.3249,0.3511,0.0217,4.146,5.3274,3.7556,0.0311,0.0192,0.0116,0.0005,0.0015,0.0014,0.0632,4.593,4.3343,4.259,0.3772,0.0557,0,2.46784,1.90284,0.29156,0.11964,0.06496,0,0,358,171,114,707849,412479,250127,11,13,358,608,628,1
367,5.57493,3,18.2736,2.4959,15.7745,0.0022,15.3637,14.829,0.529,0.4052,0.0243,5.3284,4.9953,4.1847,0.0378,0.0272,0.0158,0.0006,0.0017,0.0019,0.2042,4.3674,4.7854,4.6836,0.3559,0.061,0,2.61792,1.22392,1.1058,0.1272,0.06804,0,0,358,171,114,707849,412479,250127,11,13,358,608,628,1
368,5.59168,3,16.49,2.4787,14.008,0.002,13.55,13.1721,0.3723,0.453,0.025,4.7406,4.7837,3.4437,0.0407,0.0277,0.016,0.0006,0.0022,0.0014,0.0839,4.1753,3.8719,3.8151,0.3266,0.066,0,2.03616,1.23588,0.43876,0.12704,0.11764,0,0,358,171,114,707849,412479,250127,11,13,358,608,628,1
369,5.60907,3,16.9831,3.0254,13.9545,0.0021,13.2561,12.5149,0.7364,0.6936,0.0232,3.4909,5.1477,3.6084,0.0396,0.0311,0.0189,0.0007,0.0026,0.0025,0.1409,4.5343,4.2438,4.173,0.3589,0.1203,0,2.51276,1.93564,0.2972,0.12332,0.0656,0,0,358,171,114,707849,412479,250127,11,13,358,608,628,1
370,5.62346,3,14.0947,2.3181,11.7741,0.0023,11.4993,11.2389,0.2557,0.27,0.0206,4.1495,3.9062,3.0214,0.0291,0.0216,0.012,0.0007,0.0019,0.0016,0.0687,3.4146,3.5529,3.5047,0.2317,0.0428,0,2.58864,2.0004,0.30048,0.12656,0.0668,0,4e-05,358,171,114,707849,412479,250127,11,13,358,608,628,1
371,5.6393,3,15.667,2.2429,13.4218,0.0021,13.1377,12.8893,0.2442,0.2788,0.0229,3.7718,4.3844,4.522,0.0354,0.0284,0.0163,0.0007,0.0023,0.0022,0.0953,3.819,4.3174,4.24,0.2729,0.0395,0,1.85312,1.26208,0.28668,0.13292,0.0708,0,0,358,171,114,707849,412479,250127,11,13,358,608,628,1
372,5.65691,3,17.4253,2.7327,14.6897,0.0021,14.3797,14.1608,0.2149,0.3049,0.025,4.7609,5.2372,4.0118,0.0262,0.0187,0.0112,0.0005,0.0014,0.0018,0.0605,4.4931,4.2189,4.1457,0.3169,0.0384,0,2.07464,1.3026,0.46752,0.13344,0.07236,0,0,358,171,114,707849,412479,250127,11,13,358,608,628,1
373,5.67649,3,19.3578,2.2585,17.0963,0.0022,16.7751,16.466,0.3043,0.3163,0.0357,7.0226,5.2125,4.0655,0.0291,0.0181,0.0114,0.0006,0.0014,0.0016,0.0608,4.6153,4.191,4.1097,0.3488,0.0451,0,2.62628,1.95848,0.31292,0.13304,0.06996,0,0,358,171,114,707849,412479,250127,11,13,358,608,628,1
374,5.69564,3,18.8963,2.2667,16.6267,0.002,16.2752,15.9369,0.3332,0.3466,0.0206,6.4719,4.5049,4.7409,0.038,0.0357,0.0173,0.0007,0.0021,0.0016,0.0956,3.9343,4.3657,4.2619,0.2766,0.0564,0,3.7246,2.14404,0.35284,0.18328,0.10344,0,0,358,171,114,707849,412479,250127,11,13,358,608,628,1
375,5.7134,3,17.5634,2.3494,15.2113,0.002,14.8614,14.6016,0.2558,0.3452,0.0204,5.018,5.6128,3.821,0.0279,0.0183,0.0114,0.0005,0.0016,0.0016,0.0619,4.9348,4.1761,4.1126,0.4416,0.0435,0,2.65476,2.04048,0.30996,0.13348,0.06992,0,0,358,171,114,707849,412479,250127,11,13,358,608,628,1
376,5.73057,3,16.9881,2.5239,14.4615,0.0024,14.0515,13.6498,0.3965,0.404,0.0245,4.0003,5.6373,3.7736,0.0323,0.0222,0.0143,0.0005,0.0017,0.0022,0.1333,4.972,4.1061,4.0368,0.4668,0.0613,0,2.65292,2.04132,0.30756,0.13276,0.0708,0,0,358,171,114,707849,412479,250127,11,13,358,608,628,1
377,5.74441,3,13.6465,2.2355,11.4083,0.0018,11.0526,10.7407,0.3069,0.351,0.0209,3.8583,3.8643,2.7957,0.0248,0.0192,0.0108,0.0005,0.0015,0.0013,0.1375,3.3803,3.4298,3.385,0.2444,0.0549,0,2.88048,2.2662,0.31208,0.13284,0.07024,0,0,358,171,114,707849,412479,250127,11,13,358,608,628,1
378,5.7624,3,17.5622,3.0217,14.5371,0.002,14.158,13.7389,0.4132,0.374,0.0252,3.9168,5.2995,4.2783,0.0449,0.0338,0.0201,0.0007,0.0022,0.0026,0.1074,4.7716,4.3425,4.277,0.3079,0.0923,0,2.65376,2.04192,0.30876,0.13292,0.06964,0,0,358,171,114,707849,412479,250127,11,13,358,608,628,1
379,5.77854,3,15.8951,2.8446,13.0468,0.0023,12.6734,12.3515,0.3157,0.3681,0.0254,4.0427,5.0857,3.0057,0.0477,0.0313,0.017,0.0007,0.0016,0.0022,0.0824,4.5602,4.1673,4.1081,0.3441,0.0582,0,2.66032,1.2644,1.09192,0.13276,0.06988,0,0,358,171,114,707849,412479,250127,11,13,358,608,628,1
380,5.79587,3,17.1005,2.8395,14.2571,0.0029,13.8931,13.5444,0.3428,0.358,0.0268,5.0098,5.4868,2.8349,0.0338,0.0291,0.0179,0.0006,0.002,0.0014,0.0926,4.7518,3.9954,3.9308,0.3428,0.0609,0,3.39416,2.78216,0.31032,0.1328,0.0702,0,0,358,171,114,707849,412479,250127,11,13,358,608,628,1
381,5.81192,3,15.7932,2.4168,13.3731,0.0025,13.0005,12.7414,0.2543,0.3672,0.0245,4.2706,5.3455,2.9428,0.0284,0.0199,0.0124,0.0005,0.0019,0.0013,0.088,4.8111,4.1678,4.0986,0.3081,0.0571,0,2.65416,2.04092,0.31108,0.13312,0.07056,0,0,358,171,114,707849,412479,250127,11,13,358,608,628,1
382,5.82691,3,14.7986,2.7212,12.0714,0.0021,11.7617,11.5128,0.245,0.3048,0.0447,3.6111,4.9558,2.7779,0.0237,0.0191,0.0114,0.0005,0.0014,0.0015,0.0611,4.4235,3.5341,3.4886,0.2793,0.0406,0,2.6936,2.07816,0.31484,0.13256,0.06992,0,0,358,171,114,707849,412479,250127,11,13,358,608,628,1
383,5.84396,3,16.8054,3.1032,13.6989,0.0022,13.3718,13.094,0.2729,0.3216,0.0228,3.6383,5.7995,3.4949,0.0366,0.0195,0.0115,0.0005,0.0022,0.0016,0.061,5.1549,4.4136,4.3428,0.4477,0.0436,0,2.9836,1.46112,1.21924,0.13308,0.06988,0,0,358,171,114,707849,412479,250127,11,13,358,608,628,1
384,5.86038,3,16.0596,2.9689,13.0869,0.0022,12.6981,12.3641,0.3292,0.3832,0.0239,3.7804,5.5119,2.8797,0.0368,0.0298,0.0181,0.0006,0.0023,0.0021,0.0715,4.9493,4.1489,4.0908,0.3532,0.0477,0,2.7208,2.10808,0.31092,0.1334,0.0704,4e-05,0,358,171,114,707849,412479,250127,11,13,358,608,628,1
385,5.87582,3,15.0958,2.7771,12.3152,0.0021,12.0113,11.7191,0.2877,0.2991,0.0212,4.0107,4.8209,2.7333,0.0225,0.0186,0.011,0.0004,0.0013,0.0016,0.0729,4.3089,3.6166,3.563,0.2504,0.0425,0,1.98308,1.37096,0.31244,0.13292,0.07008,0,0,358,171,114,707849,412479,250127,11,13,358,608,628,1
386,5.89279,3,16.7865,2.7066,14.077,0.0021,13.76,13.5303,0.2257,0.3119,0.0222,5.1007,5.3621,2.9286,0.0229,0.0173,0.011,0.0004,0.0012,0.001,0.0577,4.6231,3.7803,3.7264,0.3691,0.0382,0,2.77632,2.16168,0.31128,0.13304,0.07036,0,0,358,171,114,707849,412479,250127,11,13,358,608,628,1
387,5.90857,3,15.5586,2.5156,13.04,0.0023,12.6393,12.4039,0.2313,0.395,0.0239,3.6847,5.7114,2.8545,0.0288,0.0194,0.011,0.0005,0.0016,0.0017,0.0614,5.0719,3.9697,3.9121,0.4291,0.0398,0,3.1398,2.45748,0.37896,0.13292,0.06984,0,0,358,171,114,707849,412479,250127,11,13,358,608,628,1
388,5.92463,3,15.7831,2.4866,13.2934,0.002,12.9884,12.7397,0.2449,0.3005,0.021,3.926,5.3376,3.3175,0.0266,0.0213,0.0158,0.0006,0.002,0.0018,0.0631,4.6583,3.8338,3.7784,0.3317,0.0417,0,2.6952,1.27044,1.1228,0.13312,0.07024,0,0,358,171,114,707849,412479,250127,11,13,358,608,628,1
389,5.94215,3,17.3288,2.96,14.366,0.0023,14.0686,13.8035,0.2602,0.292,0.0246,5.2252,5.2104,3.2237,0.0218,0.0176,0.0105,0.0004,0.0012,0.0013,0.0618,4.6233,3.8666,3.8084,0.4069,0.0405,0,2.66344,1.26792,1.09184,0.13344,0.07052,0,0,358,171,114,707849,412479,250127,11,13,358,608,628,1
390,5.95885,3,16.4804,2.537,13.9404,0.0022,13.5691,13.3068,0.2574,0.3661,0.0207,4.1063,5.7826,3.2482,0.0326,0.025,0.0156,0.0006,0.0022,0.0015,0.0617,4.9399,4.4721,4.3927,0.4236,0.0478,0,2.64776,2.03936,0.30752,0.1326,0.06972,0,0,358,171,114,707849,412479,250127,11,13,358,608,628,1
391,5.97459,3,15.5142,2.5585,12.9529,0.0022,12.6601,12.3122,0.3423,0.2878,0.0221,3.7267,4.6781,3.7276,0.036,0.025,0.0135,0.0006,0.0015,0.0016,0.0739,4.0478,3.7487,3.6952,0.2839,0.0565,0,1.9376,1.26668,0.36964,0.13308,0.06992,0,0,358,171,114,707849,412479,250127,11,13,358,608,628,1
392,5.99142,3,16.6501,2.3657,14.2814,0.0024,14.009,13.688,0.3159,0.267,0.025,4.7633,5.0133,3.7472,0.0304,0.0194,0.0115,0.0005,0.0018,0.0011,0.0681,4.353,3.8105,3.7469,0.354,0.0579,0,2.5392,1.27072,0.94916,0.13316,0.07,0,0,358,171,114,707849,412479,250127,11,13,358,608,628,1
393,6.00904,3,17.4309,2.3728,15.0551,0.0027,14.6562,14.2789,0.3719,0.3927,0.0263,4.0992,5.5218,4.4148,0.0401,0.0336,0.0179,0.0006,0.0133,0.0025,0.1009,4.697,5.028,4.9279,0.4482,0.0576,0,2.65516,2.04228,0.31296,0.13292,0.0698,0,0,358,171,114,707849,412479,250127,11,13,358,608,628,1
394,6.02756,3,18.3196,2.6576,15.6595,0.0022,15.3607,15.1175,0.2391,0.2935,0.0278,4.7093,6.3028,3.9445,0.0282,0.0194,0.0113,0.0004,0.0016,0.0014,0.0647,5.7144,4.0662,4.0008,0.3291,0.0401,0,2.20336,1.27152,0.54836,0.17356,0.0702,4e-05,0,358,171,114,707849,412479,250127,11,13,358,608,628,1
395,6.04495,3,17.1879,2.4159,14.7695,0.0019,14.502,14.222,0.2758,0.2623,0.022,5.4441,4.6678,3.9501,0.0274,0.0194,0.0196,0.0004,0.0017,0.0014,0.062,4.1253,4.2262,4.1532,0.3046,0.0578,0,1.9438,1.19628,0.39588,0.12256,0.11764,0,0,358,171,114,707849,412479,250127,11,13,358,608,628,1
396,6.06173,3,16.5894,2.3839,14.2025,0.002,13.9289,13.6884,0.2364,0.2691,0.0208,4.9649,4.803,3.7698,0.028,0.0191,0.0119,0.0004,0.0014,0.0015,0.0608,4.2232,3.7824,3.7191,0.3313,0.0399,0,2.4534,1.89708,0.28376,0.12,0.06452,0,0,358,171,114,707849,412479,250127,11,13,358,608,628,1
397,6.07477,3,12.8577,2.3955,10.4592,0.0024,10.1765,9.8707,0.3008,0.2772,0.0232,3.1976,3.8262,2.7144,0.0188,0.0161,0.0099,0.0003,0.0012,0.0012,0.0568,3.3406,3.3847,3.3396,0.2322,0.0453,0,2.4204,1.8694,0.28092,0.11864,0.06392,0,0,358,171,114,707849,412479,250127,11,13,358,608,628,1
398,6.09067,3,15.695,2.3821,13.3099,0.0023,12.9723,12.6344,0.3328,0.3321,0.0229,3.888,4.9761,3.6291,0.0222,0.0177,0.0101,0.0003,0.0015,0.0012,0.0603,4.3036,4.0906,4.023,0.3458,0.0587,0,1.8524,1.2656,0.28436,0.13316,0.06996,0,0,358,171,114,707849,412479,250127,11,13,358,608,628,1
399,6.10786,3,16.9699,2.6499,14.3171,0.0021,14.0249,13.7419,0.2788,0.2875,0.0196,5.0196,5.0309,3.5252,0.0343,0.022,0.012,0.0004,0.0021,0.0016,0.0684,4.2932,3.6503,3.5943,0.3313,0.0428,0,2.77804,2.1658,0.30912,0.13348,0.06972,0,0,358,171,114,707849,412479,250127,11,13,358,608,628,1
400,6.12469,3,16.6384,2.2942,14.3416,0.0025,14.0415,13.7254,0.3113,0.2948,0.0234,3.6459,5.4829,4.4384,0.0301,0.0202,0.0122,0.0005,0.0015,0.0016,0.0628,4.923,4.4727,4.3859,0.3877,0.0512,0,1.91636,1.269,0.34476,0.13312,0.06992,0,0,358,171,114,707849,412479,250127,11,13,358,608,628,1
401,6.14266,3,17.7341,2.52,15.2108,0.0021,14.9269,14.6465,0.2759,0.2789,0.0243,4.5169,6.5715,3.3566,0.0723,0.0197,0.0118,0.0006,0.0015,0.0016,0.0639,5.6664,3.8153,3.7575,0.4591,0.0433,0,2.61576,2.02096,0.30524,0.12792,0.06772,4e-05,0,358,171,114,707849,412479,250127,11,13,358,608,628,1
402,6.1604,3,17.5436,2.9074,14.6336,0.0021,14.3685,14.0971,0.2671,0.2602,0.0255,5.3363,5.1453,3.4525,0.0295,0.0249,0.0119,0.0005,0.0015,0.0014,0.0626,4.4153,4.0185,3.9532,0.3488,0.0423,0,2.47284,1.91236,0.28628,0.12004,0.06508,0,0,358,171,114,707849,412479,250127,11,13,358,608,628,1
403,6.17674,3,16.1053,2.5886,13.5134,0.0023,13.2213,12.9581,0.2586,0.2867,0.0243,3.9533,5.3853,3.4529,0.03,0.0194,0.0117,0.0004,0.0014,0.0018,0.0718,4.6185,4.1246,4.0613,0.4276,0.0464,0,2.53216,1.21792,1.02988,0.12396,0.06624,0,0,358,171,114,707849,412479,250127,11,13,358,608,628,1
404,6.19102,3,14.0865,2.4106,11.6727,0.0024,11.3944,11.168,0.2219,0.2734,0.0204,4.4589,3.7915,2.7745,0.0275,0.0184,0.0104,0.0004,0.0014,0.0009,0.0589,3.3071,3.4581,3.4117,0.2287,0.0368,0,2.5744,1.23096,1.05636,0.12548,0.06704,0,0,358,171,114,707849,412479,250127,11,13,358,608,628,1
405,6.20714,3,15.9442,2.3705,13.5712,0.0021,13.2854,12.9709,0.3097,0.2807,0.0203,3.4929,4.754,4.3427,0.1498,0.0304,0.0178,0.0006,0.0022,0.0019,0.1499,4.2065,4.3824,4.3027,0.3154,0.0462,0,1.85664,1.26872,0.2854,0.13328,0.07068,0,0,358,171,114,707849,412479,250127,11,13,358,608,628,1
406,6.22519,3,17.8622,2.5424,15.3169,0.0026,15.0047,14.7078,0.2915,0.3067,0.0247,5.4285,5.2134,3.8298,0.033,0.0241,0.0729,0.0006,0.0026,0.0027,0.0688,4.5537,4.3609,4.277,0.3773,0.0474,0,2.65544,2.03868,0.31148,0.13292,0.0738,0,0,358,171,114,707849,412479,250127,11,13,358,608,628,1
407,6.24304,3,17.6486,2.6154,15.0304,0.0023,14.7193,14.4364,0.2782,0.3058,0.0207,4.972,5.1577,4.1402,0.0347,0.0201,0.0115,0.0004,0.0016,0.0015,0.0706,4.4572,4.2936,4.2206,0.3406,0.0487,0,2.6834,2.06952,0.31224,0.13268,0.06992,4e-05,0,358,171,114,707849,412479,250127,11,13,358,608,628,1
408,6.2608,3,17.5175,2.7467,14.7673,0.0025,14.417,14.1298,0.2825,0.3446,0.0227,4.8903,4.941,4.1085,0.0385,0.0295,0.0185,0.0006,0.0022,0.0024,0.0689,4.3605,4.2086,4.1357,0.3493,0.0451,0,2.66416,1.2696,1.09284,0.13296,0.06996,0,0,358,171,114,707849,412479,250127,11,13,358,608,628,1
409,6.27821,3,17.1851,3.4111,13.7708,0.0024,13.4694,13.2012,0.2636,0.2962,0.0231,3.9556,5.7093,3.3634,0.0323,0.023,0.0167,0.0005,0.0017,0.0021,0.0673,4.9653,4.1448,4.0801,0.3952,0.0467,0,2.66552,2.05092,0.31392,0.13284,0.0696,0,0,358,171,114,707849,412479,250127,11,13,358,608,628,1
410,6.29207,3,13.6697,2.6288,11.038,0.0022,10.801,10.572,0.225,0.2323,0.0226,3.8693,3.8436,2.7219,0.02,0.0175,0.0104,0.0004,0.0013,0.0013,0.0592,3.3591,3.3786,3.3348,0.2366,0.0358,0,3.31768,2.70756,0.30736,0.13324,0.0704,0,0,358,171,114,707849,412479,250127,11,13,358,608,628,1
411,6.30742,3,15.1821,2.2235,12.9561,0.0021,12.6962,12.4511,0.2407,0.2552,0.0244,3.8248,4.6204,3.8547,0.0279,0.0187,0.0109,0.0005,0.0015,0.0018,0.06,4.0541,4.1426,4.0739,0.2995,0.0391,0,1.85892,1.27012,0.28656,0.13312,0.07032,0,0,358,171,114,707849,412479,250127,11,13,358,608,628,1
412,6.32472,3,17.106,2.3141,14.7895,0.0021,14.3507,14.085,0.2616,0.4338,0.0204,5.1239,4.7651,4.0128,0.0375,0.0309,0.0182,0.0006,0.0017,0.0015,0.0658,4.1718,4.2234,4.1506,0.3387,0.0431,0,2.08324,1.26992,0.43456,0.13316,0.12616,0,0,358,171,114,707849,412479,250127,11,13,358,608,628,1
413,6.34248,3,17.5071,2.7919,14.7116,0.0023,14.278,14.0244,0.2488,0.4282,0.0247,4.91,5.0029,3.9517,0.0296,0.0203,0.0121,0.0005,0.0015,0.0015,0.0634,4.3698,4.1559,4.0951,0.3386,0.0413,0,2.65956,1.26352,1.08904,0.13508,0.07052,0,0,358,171,114,707849,412479,250127,11,13,358,608,628,1
