FrameIndex,TimeSec,LevelIndex,CPU_Frame_Total,CPU_Update_Total,CPU_Render_Total,CPU_BeginDraw,CPU_Draw_Total,CPU_Renderer_Draw,CPU_Level_Render,CPU_Present,CPU_Render_Priority,CPU_Render_Shadow,CPU_Render_NonBlend,CPU_Render_OutlineMask,CPU_Render_Lights,CPU_Render_Combined,CPU_Render_PostProcess,CPU_Render_NonLight,CPU_Render_Blend,CPU_Render_UI,CPU_Render_Debug,CPU_RenderProfile_BindAndDraw,CPU_Model_BindBoneMatrices,CPU_Mesh_BindBoneMatrices,CPU_Model_BindMaterial,CPU_Draw_Text,CPU_Render_ProfilerOverlay,GPU_Frame_Total,GPU_Render_Shadow,GPU_Render_NonBlend,GPU_Render_Lights,GPU_Render_Combined,GPU_Render_Blend,GPU_Render_UI,DrawCalls_Total,DrawCalls_Shadow,DrawCalls_NonBlend,Triangles_Total,Triangles_Shadow,Triangles_NonBlend,Objects_Shadow,Objects_NonBlend,ShaderBeginCount,MaterialBindCount,TextureBindCount,TextDrawCalls
131,0.0237601,3,27.3649,6.469,20.892,0.0026,20.5605,20.0846,0.2618,0.325,0.0256,7.22,5.8608,6.8058,0.0508,0.0224,0.0174,0.0008,0.0022,0.002,0.0693,5.2242,5.593,5.5147,0.5085,0.1818,0.2076,2.40788,1.79428,0.3496,0.11256,0.0626,0,0,472,185,200,987222,424013,506432,12,14,472,1118,1138,6
132,0.0455213,3,20.4155,2.5385,17.8737,0.002,17.5048,17.0512,0.2752,0.3644,0.0232,5.1362,6.8213,4.9396,0.0306,0.0201,0.0183,0.0006,0.0024,0.0022,0.0505,6.1281,5.1479,5.0774,0.6208,0.159,0.1736,2.27032,1.65116,0.35124,0.1132,0.0634,0,0,472,185,200,987222,424013,506432,12,14,472,1118,1138,6
133,0.0665426,3,20.6954,2.0789,18.6129,0.002,18.1958,17.8121,0.2434,0.4122,0.0212,5.7772,8.454,3.4509,0.0237,0.0184,0.0125,0.0006,0.0014,0.002,0.0453,7.748,4.9905,4.9262,0.5299,0.1268,0.1362,2.5098,1.88628,0.3572,0.11276,0.06352,0,0,472,185,200,987222,424013,506432,12,14,472,1118,1138,6
134,0.0852443,3,18.4431,2.0429,16.3968,0.0021,16.0243,15.6236,0.2582,0.3674,0.0259,5.3155,6.2346,3.893,0.0438,0.0306,0.0198,0.0007,0.0022,0.0024,0.0483,5.555,5.2665,5.1947,0.5356,0.1297,0.138,1.64164,1.00956,0.35236,0.1198,0.06596,0,0,472,185,200,987222,424013,506432,12,14,472,1118,1138,6
135,0.106026,3,20.049,2.3131,17.7323,0.0023,17.3863,16.7431,0.396,0.3404,0.0235,4.8187,7.7566,3.9923,0.0376,0.0268,0.0183,0.0006,0.0019,0.0022,0.0586,7.1127,4.8324,4.7751,0.4593,0.2344,0.2419,1.86248,1.1656,0.38508,0.13324,0.07168,0,4e-05,472,185,200,987222,424013,506432,12,14,472,1118,1138,6
136,0.12665,3,19.9332,2.1445,17.7854,0.0023,17.5007,17.1189,0.2391,0.279,0.0395,4.9368,7.409,4.6231,0.0271,0.0185,0.0122,0.0004,0.0015,0.0016,0.0439,6.6053,5.1978,5.1349,0.6467,0.1292,0.1378,4.37012,3.75716,0.35532,0.1082,0.06172,0,0,472,185,200,987222,424013,506432,12,14,472,1118,1138,6
137,0.146043,3,19.1513,1.9986,17.1492,0.0021,16.888,16.4498,0.2895,0.2562,0.0218,3.8125,6.3179,6.1879,0.0293,0.0196,0.0124,0.0005,0.0015,0.0015,0.0403,5.6753,4.9058,4.8465,0.4922,0.1463,0.1442,1.61824,1.02852,0.34372,0.10288,0.05952,0,0,472,185,200,987222,424013,506432,12,14,472,1118,1138,6
138,0.16576,3,19.1787,2.4829,16.6924,0.0022,16.3931,16.0061,0.2433,0.2944,0.0227,4.1828,7.8962,3.793,0.0274,0.0187,0.0126,0.0005,0.0014,0.0017,0.0441,7.241,5.0029,4.9302,0.4903,0.1287,0.1395,2.21864,1.56868,0.37848,0.11636,0.06404,0,0,472,185,200,987222,424013,506432,12,14,472,1118,1138,6
139,0.185439,3,19.2396,1.9346,17.3015,0.0016,16.9207,16.4948,0.2384,0.3761,0.0204,5.1324,7.4763,3.752,0.0292,0.0191,0.0123,0.0005,0.0016,0.0018,0.0436,6.7016,5.333,5.2532,0.8855,0.1686,0.1826,1.57696,0.96592,0.34148,0.11532,0.0636,0,0,472,185,200,987222,424013,506432,12,14,472,1118,1138,6
140,0.205964,3,20.2422,2.5555,17.6837,0.0021,17.2276,16.6131,0.3339,0.4506,0.021,6.1655,6.685,3.6312,0.0284,0.02,0.0125,0.0005,0.0015,0.0015,0.0414,6.069,4.9168,4.8487,0.4519,0.2539,0.2753,1.81944,1.13128,0.3846,0.1316,0.06924,0,0,472,185,200,987222,424013,506432,12,14,472,1118,1138,6
141,0.226747,3,20.4603,2.1993,18.2576,0.0021,17.9607,17.5535,0.2492,0.2919,0.0219,5.855,6.2995,5.2666,0.0287,0.0186,0.0127,0.0006,0.0016,0.0014,0.0416,5.5522,5.203,5.13,0.6389,0.1408,0.1528,4.39496,3.77404,0.35588,0.11196,0.06256,0,4e-05,472,185,200,987222,424013,506432,12,14,472,1118,1138,6
142,0.247439,3,20.2235,2.5395,17.6802,0.0025,17.3328,16.6644,0.433,0.3418,0.0242,3.8688,7.2604,5.3082,0.0332,0.06,0.0196,0.0007,0.0026,0.0021,0.0778,6.5179,5.25,5.1802,0.6228,0.2095,0.23,2.40844,1.77924,0.35256,0.11792,0.06512,0,0,472,185,200,987222,424013,506432,12,14,472,1118,1138,6
143,0.267869,3,19.6304,2.1083,17.518,0.0022,17.2006,16.8227,0.2345,0.3124,0.022,5.6716,7.5286,3.4902,0.0281,0.0193,0.0118,0.0005,0.0016,0.0013,0.0428,6.878,5.2122,5.139,0.5067,0.1287,0.1391,2.14924,1.5116,0.35728,0.11968,0.06604,0,0,472,185,200,987222,424013,506432,12,14,472,1118,1138,6
144,0.285846,3,17.6906,2.2886,15.3987,0.0021,15.0371,14.661,0.2315,0.3568,0.021,4.0871,6.4894,3.9552,0.0293,0.0188,0.0115,0.0005,0.0018,0.0015,0.04,5.8271,4.9229,4.8629,0.4574,0.1286,0.1405,1.90008,1.09832,0.4916,0.13416,0.07148,0,0,472,185,200,987222,424013,506432,12,14,472,1118,1138,6
145,0.310131,3,23.7022,2.4612,21.2373,0.0022,20.8413,20.0543,0.5194,0.3909,0.0233,6.6668,7.4197,5.6804,0.0485,0.0355,0.0259,0.0008,0.0023,0.0023,0.1412,6.7853,5.5859,5.5085,0.5115,0.2636,0.2622,1.67564,1.04524,0.35548,0.1182,0.0644,0,0,472,185,200,987222,424013,506432,12,14,472,1118,1138,6
146,0.331694,3,21.3318,2.3822,18.9468,0.0024,18.5529,18.0291,0.3296,0.3882,0.0661,4.2783,7.2662,6.259,0.039,0.0294,0.0186,0.0006,0.0021,0.0023,0.0604,6.5676,5.1482,5.0808,0.625,0.1743,0.1891,2.1082,0.94652,0.91604,0.10352,0.05912,0,0,484,189,204,998340,427719,510138,13,15,484,1142,1162,6
147,0.351383,3,19.4023,2.9768,16.4222,0.0021,16.0637,15.5187,0.3482,0.3529,0.0269,5.4712,5.6738,4.2098,0.0317,0.0262,0.0163,0.0006,0.0019,0.0016,0.0536,5.0295,5.4414,5.3668,0.4893,0.1701,0.1905,2.28468,0.90872,1.12852,0.10556,0.05888,0,0,484,189,204,998340,427719,510138,13,15,484,1142,1162,6
148,0.373685,3,22.0403,2.7232,19.3138,0.002,18.9217,18.4527,0.2867,0.3864,0.0264,4.2557,9.7128,4.3322,0.0349,0.0206,0.0134,0.0005,0.0021,0.0015,0.0469,8.9155,5.519,5.4319,0.712,0.1505,0.1767,1.76148,1.08932,0.3614,0.13396,0.07128,0,4e-05,484,189,204,998340,427719,510138,13,15,484,1142,1162,6
149,0.395642,3,21.7635,2.7482,19.0121,0.0022,18.7091,18.2908,0.2721,0.2976,0.0256,7.6223,6.4647,3.984,0.0298,0.0208,0.0132,0.0005,0.0014,0.0014,0.1219,5.7131,5.1313,5.0665,0.6711,0.1279,0.1412,5.08248,1.84788,0.4032,0.15348,2.55204,0,0,484,189,204,998340,427719,510138,13,15,484,1142,1162,6
150,0.415932,3,20.1149,2.2249,17.8874,0.0022,17.5344,17.1419,0.246,0.3481,0.0262,7.1851,6.185,3.6406,0.0238,0.0187,0.0117,0.0005,0.0014,0.0016,0.0423,5.4697,5.1389,5.067,0.5734,0.129,0.1424,3.60068,2.00948,0.4492,0.13348,0.10512,4e-05,0,484,189,204,998340,427719,510138,13,15,484,1142,1162,6
151,0.438331,3,22.2135,2.0616,20.1492,0.0016,19.8158,19.234,0.3684,0.3287,0.022,6.407,8.3839,4.2473,0.0392,0.0275,0.017,0.0007,0.0018,0.0021,0.0782,7.6011,5.8302,5.7383,0.7922,0.2024,0.2078,1.7728,1.09632,0.3678,0.13356,0.07052,0,0,484,189,204,998340,427719,510138,13,15,484,1142,1162,6
152,0.461504,3,22.9139,2.6889,20.2215,0.0025,19.9387,19.4955,0.2508,0.2772,0.0281,6.4554,5.998,6.8938,0.0337,0.0202,0.013,0.0005,0.0017,0.0015,0.0441,5.3413,5.6225,5.5191,0.5467,0.1741,0.1872,5.45348,4.66904,0.47228,0.13348,0.07068,0,0,484,189,204,998340,427719,510138,13,15,484,1142,1162,6
153,0.479529,3,17.8332,2.4278,15.4029,0.0021,15.0463,14.6639,0.2324,0.3514,0.022,4.0851,6.5003,3.9395,0.0346,0.0201,0.0118,0.0005,0.0013,0.0019,0.0415,5.8188,5.0278,4.9658,0.5682,0.1296,0.1454,2.52836,1.85012,0.38344,0.12684,0.06732,0,0,484,189,204,998340,427719,510138,13,15,484,1142,1162,6
154,0.50092,3,21.1576,2.4043,18.7501,0.0023,18.4533,18.0173,0.281,0.2917,0.0261,4.0193,9.3828,4.4531,0.0355,0.0229,0.0148,0.0006,0.0025,0.0021,0.0522,8.7072,5.3281,5.2575,0.5913,0.137,0.1505,2.95936,2.24244,0.40788,0.13352,0.07068,0,0,484,189,204,998340,427719,510138,13,15,484,1142,1162,6
155,0.521362,3,20.2463,2.2834,17.9596,0.0022,17.6323,17.1798,0.3048,0.3221,0.0249,7.4788,5.9083,3.6567,0.0268,0.0195,0.0119,0.0005,0.0017,0.0014,0.0446,5.2588,5.073,5.0094,0.4922,0.1331,0.1428,2.41116,1.03096,0.34376,0.12324,0.0652,0,0,484,189,204,998340,427719,510138,13,15,484,1142,1162,6
156,0.541294,3,19.2976,2.7759,16.5171,0.0027,16.0974,15.2041,0.5506,0.4126,0.0299,4.3455,5.6357,5.0188,0.0388,0.0316,0.0174,0.0007,0.0022,0.0019,0.0742,5.0067,4.8868,4.825,0.4784,0.3159,0.3368,2.38728,1.27792,0.80544,0.1302,0.07008,0,0,484,189,204,998340,427719,510138,13,15,484,1142,1162,6
157,0.563917,3,21.9899,2.4578,19.528,0.0022,19.1846,18.7462,0.2867,0.3381,0.0215,5.2502,8.6541,4.69,0.035,0.0232,0.0138,0.0006,0.0018,0.0018,0.0493,7.8985,5.4723,5.4011,0.6965,0.1395,0.1467,3.10612,2.40556,0.39004,0.13364,0.07104,0,0,484,189,204,998340,427719,510138,13,15,484,1142,1162,6
158,0.583784,3,19.6864,2.1877,17.4962,0.0021,17.1882,16.7182,0.3202,0.3031,0.0214,3.9426,8.2406,4.3086,0.0577,0.0386,0.0232,0.001,0.0036,0.0029,0.0709,7.48,5.4278,5.3478,0.7357,0.1342,0.1449,1.66824,1.02632,0.35524,0.12184,0.06616,0,0,484,189,204,998340,427719,510138,13,15,484,1142,1162,6
159,0.60794,3,23.7461,2.538,21.2041,0.0026,20.8351,20.2947,0.3153,0.3631,0.0227,8.4983,6.2101,5.3896,0.0421,0.0316,0.0192,0.0007,0.0025,0.0029,0.068,5.5522,5.9689,5.8745,0.5323,0.1902,0.2196,1.73888,1.07452,0.36364,0.12976,0.06832,0,0,484,189,204,998340,427719,510138,13,15,484,1142,1162,6
160,0.627494,3,19.3647,2.3691,16.9929,0.0023,16.6703,16.2531,0.2635,0.3172,0.0263,4.4004,6.0393,5.6506,0.0353,0.031,0.0145,0.0006,0.0016,0.0017,0.0454,5.2574,5.1761,5.1102,0.5298,0.1351,0.1493,1.87416,1.1996,0.38012,0.12544,0.06752,0,0,484,189,204,998340,427719,510138,13,15,484,1142,1162,6
161,0.647775,3,20.0557,2.4319,17.6207,0.0024,17.2848,16.7583,0.3721,0.3306,0.0282,4.5774,6.7635,5.2188,0.0313,0.0197,0.0125,0.0005,0.0016,0.0013,0.0981,6.0338,5.4188,5.348,0.6102,0.1382,0.1494,3.21708,2.45284,0.457,0.13212,0.06944,0,0,484,189,204,998340,427719,510138,13,15,484,1142,1162,6
162,0.668999,3,21.0204,2.7143,18.3034,0.0021,17.9672,17.4535,0.33,0.3313,0.0223,4.372,8.8422,4.0907,0.0326,0.0206,0.0123,0.0004,0.0015,0.0018,0.0512,8.1295,5.2602,5.1919,0.5166,0.1684,0.179,1.58396,0.9676,0.34844,0.11468,0.0622,0,4e-05,484,189,204,998340,427719,510138,13,15,484,1142,1162,6
163,0.688882,3,19.6066,2.4909,17.1121,0.0024,16.7004,16.3047,0.2487,0.4066,0.0235,6.0727,6.0175,4.0804,0.0274,0.0192,0.0132,0.0003,0.0017,0.0014,0.0424,5.362,5.1393,5.0709,0.5184,0.1298,0.1422,3.05788,1.05584,1.71016,0.12428,0.06608,0,4e-05,484,189,204,998340,427719,510138,13,15,484,1142,1162,6
164,0.712674,3,23.547,2.9362,20.6081,0.0022,20.2282,19.8028,0.2719,0.3742,0.0341,5.9916,6.3761,7.1093,0.1223,0.0197,0.013,0.0005,0.0016,0.0209,0.1061,5.6381,5.4564,5.3869,0.6318,0.1336,0.1491,3.11632,2.42104,0.38588,0.13268,0.07064,0,0,484,189,204,998340,427719,510138,13,15,484,1142,1162,6
165,0.733794,3,20.8728,2.5494,18.3199,0.0024,17.9286,17.4804,0.2743,0.3852,0.0253,4.9343,8.5073,3.8915,0.0306,0.0207,0.0131,0.0005,0.0015,0.0019,0.048,7.7,5.5556,5.481,0.7522,0.1511,0.1681,2.59972,1.80872,0.39416,0.18716,0.0922,4e-05,0,484,189,204,998340,427719,510138,13,15,484,1142,1162,6
166,0.755941,3,21.9059,3.0572,18.8454,0.0023,18.4738,17.8769,0.3805,0.3652,0.0248,8.0897,5.7934,3.7949,0.0385,0.0274,0.0182,0.0008,0.0023,0.002,0.0787,5.1719,5.0032,4.9414,0.4981,0.1877,0.2106,1.74388,1.08296,0.35924,0.12936,0.0684,0,0,484,189,204,998340,427719,510138,13,15,484,1142,1162,6
167,0.777962,3,21.738,2.5357,19.1991,0.0021,18.8847,18.3448,0.3659,0.3095,0.0215,6.0147,6.4416,5.7277,0.0377,0.0243,0.0151,0.0006,0.0019,0.0019,0.0519,5.6943,5.5708,5.4784,0.644,0.1589,0.1688,4.53256,3.877,0.365,0.12368,0.0666,4e-05,0,484,189,204,998340,427719,510138,13,15,484,1142,1162,6
168,0.798367,3,20.209,2.2683,17.9382,0.0021,17.611,17.0466,0.3172,0.322,0.0206,3.9398,7.0844,5.8797,0.0329,0.021,0.0129,0.0006,0.0015,0.0017,0.0468,6.3764,5.2751,5.1918,0.6587,0.2128,0.2415,2.8142,2.16164,0.36228,0.12396,0.06612,0,0,484,189,204,998340,427719,510138,13,15,484,1142,1162,6
169,0.819725,3,21.1036,2.4622,18.6387,0.0022,18.3224,17.9343,0.2391,0.3112,0.0218,5.2851,8.7764,3.7366,0.0303,0.0191,0.0127,0.0005,0.002,0.0015,0.0428,8.0858,5.2768,5.209,0.5963,0.1268,0.145,2.65068,1.10536,1.23436,0.13424,0.07052,4e-05,0,484,189,204,998340,427719,510138,13,15,484,1142,1162,6
170,0.841006,3,21.0408,2.3579,18.6795,0.0021,18.2884,17.5508,0.4123,0.3855,0.0223,5.9141,6.5735,4.847,0.052,0.0308,0.0178,0.0005,0.0013,0.0015,0.0835,5.8317,5.471,5.3961,0.5754,0.2859,0.3195,2.85428,1.10448,1.43944,0.13344,0.07004,0,0,484,189,204,998340,427719,510138,13,15,484,1142,1162,6
171,0.864107,3,22.8042,2.364,20.437,0.0021,19.93,19.5175,0.2559,0.502,0.0225,5.6839,6.476,7.2134,0.032,0.0206,0.0155,0.0005,0.0015,0.0018,0.0445,5.7462,5.205,5.136,0.6643,0.1372,0.1522,2.05976,1.1234,0.565,0.13376,0.0746,0,0,484,189,204,998340,427719,510138,13,15,484,1142,1162,6
172,0.883558,3,19.2596,2.4763,16.7807,0.0022,16.5093,16.1191,0.242,0.2665,0.0219,4.4347,7.9059,3.6529,0.0244,0.0177,0.0116,0.0004,0.0015,0.0015,0.0419,7.1283,5.2396,5.1713,0.7067,0.1255,0.1438,2.53304,1.06592,1.17196,0.1278,0.067,0,0,484,189,204,998340,427719,510138,13,15,484,1142,1162,6
173,0.904269,3,20.5278,2.2022,18.3232,0.0019,18.0214,17.4895,0.3522,0.2968,0.021,6.1564,7.5225,3.6558,0.0307,0.0237,0.0187,0.0004,0.0018,0.0022,0.0513,6.7627,4.9822,4.9202,0.5536,0.1633,0.1743,1.77372,1.10296,0.36104,0.13376,0.06968,0,4e-05,484,189,204,998340,427719,510138,13,15,484,1142,1162,6
174,0.924875,3,20.3951,2.7687,17.6235,0.0022,17.2588,16.5743,0.3637,0.3597,0.0212,6.8141,5.6127,3.9953,0.0337,0.0283,0.0123,0.0005,0.0014,0.0015,0.0483,5.0032,5.1557,5.0902,0.4817,0.3,0.3156,3.30336,2.60516,0.38504,0.13324,0.0734,0,0,484,189,204,998340,427719,510138,13,15,484,1142,1162,6
175,0.948321,3,23.1978,3.1103,20.0837,0.0022,19.7776,19.204,0.3094,0.3004,0.0242,5.0028,7.3273,6.7136,0.0309,0.0242,0.0154,0.0005,0.0018,0.0016,0.0559,6.6406,5.8455,5.7519,0.6516,0.2292,0.2586,1.93332,1.23908,0.38252,0.13324,0.0708,0,0,484,189,204,998340,427719,510138,13,15,484,1142,1162,6
176,0.969509,3,20.9591,2.6591,18.2974,0.0018,18.003,17.5189,0.3195,0.2898,0.0215,5.682,8.0288,3.6795,0.0247,0.0191,0.0113,0.0007,0.0014,0.0016,0.0436,7.3183,5.553,5.4825,0.5672,0.2039,0.16,2.4714,1.80048,0.37908,0.12484,0.06696,0,0,484,189,204,998340,427719,510138,13,15,484,1142,1162,6
177,0.99157,3,21.8738,2.708,19.1629,0.0023,18.8315,18.2779,0.3736,0.326,0.0232,6.393,6.1683,5.5104,0.0341,0.026,0.0169,0.0006,0.0019,0.0018,0.0964,5.5171,5.677,5.5909,0.5294,0.164,0.1753,2.57152,1.11428,1.1506,0.13248,0.06956,0,0,484,189,204,998340,427719,510138,13,15,484,1142,1162,6
178,1.01376,3,21.9751,2.6087,19.3639,0.0021,19.0955,18.3964,0.4488,0.2631,0.0211,5.1013,5.5899,7.5158,0.0404,0.0311,0.019,0.0007,0.0028,0.0025,0.0649,4.971,5.5279,5.4485,0.494,0.2835,0.2448,4.6788,1.10436,3.26992,0.13196,0.06908,0,4e-05,484,189,204,998340,427719,510138,13,15,484,1142,1162,6
179,1.03667,3,22.726,2.6533,20.0697,0.002,19.7971,19.4044,0.2415,0.2679,0.0211,4.5325,8.5349,6.2058,0.0289,0.0192,0.0118,0.0008,0.0016,0.0012,0.0416,7.6233,5.7253,5.6454,0.6898,0.1281,0.1463,2.69416,2.03156,0.37224,0.12368,0.06604,0,0,484,189,204,998340,427719,510138,13,15,484,1142,1162,6
180,1.06122,3,24.3588,2.3642,21.9921,0.002,21.7177,21.086,0.4181,0.2696,0.0248,6.5352,7.3992,6.9683,0.0319,0.0219,0.0175,0.0006,0.0013,0.0016,0.0785,6.7626,5.1844,5.1162,0.5157,0.1985,0.2087,2.68388,1.05704,1.33656,0.1236,0.066,0,0,484,189,204,998340,427719,510138,13,15,484,1142,1162,6
181,1.08025,3,18.8313,2.5479,16.2808,0.0024,16.0248,15.2667,0.4546,0.2507,0.0211,3.9735,6.8767,4.2902,0.0285,0.0183,0.0111,0.0005,0.0014,0.0014,0.0393,6.239,4.9089,4.8469,0.5609,0.3549,0.2989,2.1558,1.56208,0.33948,0.10716,0.05976,0,0,484,189,204,998340,427719,510138,13,15,484,1142,1162,6
182,1.10113,3,20.6952,2.6324,18.0603,0.0021,17.6925,17.2259,0.3058,0.3624,0.0206,3.9932,8.5813,4.5207,0.0294,0.0175,0.0121,0.0005,0.0013,0.0017,0.0425,7.8146,5.3837,5.2991,0.6279,0.14,0.1559,1.86192,1.244,0.35364,0.1104,0.06124,4e-05,0,484,189,204,998340,427719,510138,13,15,484,1142,1162,6
183,1.12196,3,20.5862,2.6349,17.9485,0.0021,17.5538,17.156,0.2462,0.389,0.023,7.2781,6.0188,3.7214,0.0311,0.019,0.0133,0.0005,0.0015,0.0014,0.0423,5.3777,5.2248,5.1572,0.5173,0.131,0.1476,1.57216,0.96244,0.34132,0.11416,0.06184,0,0,484,189,204,998340,427719,510138,13,15,484,1142,1162,6
184,1.14168,3,19.3049,3.0209,16.2804,0.0029,15.8673,15.0907,0.3981,0.4064,0.0295,5.4474,5.5345,3.9478,0.0318,0.023,0.0158,0.0006,0.0018,0.0015,0.0516,4.9277,5.1671,5.0997,0.4649,0.3536,0.3719,1.89352,1.05692,0.54376,0.12376,0.06976,0,0,484,189,204,998340,427719,510138,13,15,484,1142,1162,6
185,1.16485,3,22.7588,2.8513,19.9044,0.0022,19.6272,19.2116,0.2621,0.2718,0.0207,5.9528,7.2931,5.8036,0.0411,0.024,0.0152,0.0005,0.0024,0.0018,0.0508,6.5472,5.4889,5.42,0.581,0.1265,0.1493,3.26344,2.56104,0.38924,0.13456,0.071,0,0,484,189,204,998340,427719,510138,13,15,484,1142,1162,6
186,1.18524,3,20.1977,2.385,17.8102,0.0021,17.5222,17.0827,0.2816,0.2832,0.02,3.9898,8.4096,4.5215,0.0317,0.0197,0.013,0.0005,0.0015,0.0024,0.0664,7.6405,5.2154,5.1484,0.6461,0.1336,0.1534,1.69968,1.02496,0.40444,0.11836,0.06188,0,4e-05,484,189,204,998340,427719,510138,13,15,484,1142,1162,6
187,1.20951,3,24.0831,2.8834,21.197,0.0021,20.9016,20.2355,0.4705,0.2902,0.0242,8.0882,6.2958,5.6103,0.0445,0.0346,0.0264,0.0007,0.0023,0.002,0.1003,5.6527,5.1545,5.0805,0.4702,0.1918,0.1905,1.76856,1.09556,0.36672,0.13216,0.06904,4e-05,0,484,189,204,998340,427719,510138,13,15,484,1142,1162,6
188,1.23156,3,21.8659,2.4964,19.367,0.0022,19.054,18.526,0.3618,0.308,0.0212,4.548,8.0844,5.6818,0.0421,0.0241,0.0129,0.0005,0.0015,0.0017,0.1022,7.2627,5.9192,5.84,0.7555,0.1367,0.1612,1.67684,1.06508,0.3478,0.11032,0.06128,0,0,484,189,204,998340,427719,510138,13,15,484,1142,1162,6
189,1.25299,3,21.2345,2.1735,19.0581,0.0022,18.7519,18.3112,0.2594,0.3007,0.022,4.0273,10.2494,3.9031,0.0267,0.0199,0.0127,0.0005,0.0018,0.0015,0.0418,9.4854,5.3736,5.3027,0.733,0.1447,0.1765,1.81372,1.20772,0.34976,0.10744,0.06032,0,0,484,189,204,998340,427719,510138,13,15,484,1142,1162,6
190,1.27441,3,21.1944,2.3017,18.8896,0.0024,18.4151,17.8389,0.274,0.4683,0.0248,7.2758,6.3863,4.0384,0.0272,0.0199,0.0128,0.0005,0.0018,0.0015,0.045,5.733,5.1598,5.0835,0.5335,0.231,0.2963,2.28616,0.97684,0.34944,0.80572,0.06172,0,0,484,189,204,998340,427719,510138,13,15,484,1142,1162,6
191,1.29686,3,22.1238,2.6034,19.5172,0.0021,19.2243,18.7094,0.3092,0.288,0.0222,5.8974,5.7574,6.8904,0.0343,0.0264,0.0162,0.0006,0.0019,0.0016,0.0551,5.146,5.4885,5.412,0.4741,0.1661,0.2009,4.33992,3.72936,0.35332,0.10888,0.06028,0,0,484,189,204,998340,427719,510138,13,15,484,1142,1162,6
192,1.3218,3,24.6826,2.7431,21.9358,0.0026,21.6054,20.9559,0.4423,0.3247,0.028,5.2792,11.1857,4.3416,0.0308,0.0243,0.0128,0.0008,0.0014,0.0018,0.044,10.3438,6.0603,5.9706,0.8239,0.1803,0.2007,1.56096,0.91312,0.39484,0.10552,0.05856,0,0,484,189,204,998340,427719,510138,13,15,484,1142,1162,6
193,1.34753,3,25.0769,2.8623,22.2106,0.0024,21.8423,20.9773,0.6075,0.3623,0.0222,6.6146,7.2069,6.9115,0.0395,0.1126,0.0131,0.0005,0.0015,0.0013,0.0481,6.4459,5.8801,5.7808,0.7339,0.2105,0.2519,7.22432,3.59152,3.38184,0.10508,0.05876,0,0,484,189,204,998340,427719,510138,13,15,484,1142,1162,6
194,1.36886,3,20.7775,2.4053,18.3685,0.0022,18.0567,17.6542,0.2441,0.3068,0.021,4.0944,9.3193,4.102,0.0326,0.0189,0.0126,0.0007,0.0016,0.0018,0.0448,8.5843,5.2316,5.167,0.6604,0.1309,0.1542,2.53172,1.95032,0.3376,0.10212,0.05796,0,0,484,189,204,998340,427719,510138,13,15,484,1142,1162,6
195,1.39213,3,22.8005,2.7811,20.0153,0.0027,19.5726,18.8939,0.3401,0.437,0.0338,8.029,6.0037,4.701,0.0349,0.0196,0.0132,0.0004,0.0017,0.0016,0.0481,5.3377,5.2141,5.1459,0.4921,0.2965,0.3321,1.55688,0.95144,0.341,0.11212,0.06132,0,0,484,189,204,998340,427719,510138,13,15,484,1142,1162,6
196,1.41547,3,22.8569,2.5873,20.2658,0.0024,19.996,19.5735,0.2636,0.2646,0.0217,5.9707,7.3175,6.1324,0.0328,0.0215,0.0132,0.0005,0.002,0.0021,0.0528,6.5656,5.3173,5.2427,0.6565,0.1288,0.1547,2.1542,0.93736,0.95972,0.10856,0.06032,0,0,484,189,204,998340,427719,510138,13,15,484,1142,1162,6
197,1.43723,3,21.3135,2.2028,19.1074,0.0019,18.8098,18.4017,0.2505,0.2927,0.021,3.9478,10.4589,3.8602,0.0306,0.0191,0.0128,0.0004,0.0016,0.0017,0.0422,9.58,5.2539,5.1871,0.6767,0.1317,0.1528,2.39312,1.82,0.33564,0.09868,0.05652,0,0,484,189,204,998340,427719,510138,13,15,484,1142,1162,6
198,1.46233,3,24.599,3.0168,21.5787,0.0026,21.2172,20.5615,0.3687,0.3558,0.0308,7.8562,5.6827,6.8635,0.0337,0.0241,0.0175,0.0005,0.0014,0.0015,0.0439,5.0546,5.3496,5.2698,0.4741,0.2395,0.2818,2.16664,0.9436,0.9696,0.10772,0.05944,0,0,484,189,204,998340,427719,510138,13,15,484,1142,1162,6
199,1.4833,3,20.3637,2.3901,17.9698,0.002,17.5867,16.8229,0.4305,0.3779,0.0202,3.9715,7.0243,5.6754,0.0278,0.0186,0.0127,0.0005,0.0015,0.0017,0.0638,6.3184,4.9022,4.8427,0.5876,0.3617,0.3279,1.5164,0.93568,0.34416,0.09856,0.05692,0,0,484,189,204,998340,427719,510138,13,15,484,1142,1162,6
200,1.50448,3,20.996,2.2986,18.6948,0.002,18.3807,17.9992,0.2271,0.3092,0.0209,5.516,8.7025,3.6529,0.0278,0.0182,0.0119,0.0005,0.0015,0.0013,0.0407,8.0488,5.2612,5.1921,0.5774,0.1239,0.1504,1.71372,1.13696,0.34612,0.09612,0.05576,0,0,484,189,204,998340,427719,510138,13,15,484,1142,1162,6
201,1.53102,3,26.0347,3.1936,22.8376,0.0021,22.4932,21.9287,0.3261,0.339,0.0217,7.6294,6.0321,8.0908,0.0396,0.0278,0.0181,0.0006,0.0021,0.002,0.0579,5.2955,5.4088,5.3309,0.5193,0.1847,0.2327,2.13456,0.92348,0.96016,0.10568,0.05896,0,0,484,189,204,998340,427719,510138,13,15,484,1142,1162,6
202,1.55382,3,22.2624,2.4288,19.8298,0.0021,19.4631,19.0659,0.2376,0.3619,0.022,4.9626,10.045,3.9215,0.0305,0.0191,0.0136,0.0006,0.0016,0.0017,0.0422,9.2907,5.2678,5.1973,0.6036,0.1284,0.1547,1.97004,1.40532,0.33292,0.09676,0.05596,0,0,484,189,204,998340,427719,510138,13,15,484,1142,1162,6
203,1.57852,3,24.0497,2.7664,21.2794,0.0025,20.9654,20.4224,0.3431,0.3085,0.0275,8.047,5.6472,6.4582,0.0423,0.042,0.0226,0.0009,0.0029,0.0029,0.1214,5.0368,5.3114,5.2313,0.4754,0.1796,0.1949,2.02384,1.43836,0.34908,0.0986,0.05696,0,0,484,189,204,998340,427719,510138,13,15,484,1142,1162,6
204,1.60072,3,21.4703,2.8084,18.6578,0.0024,18.2659,17.7425,0.3442,0.3857,0.0255,4.1251,7.4614,5.9589,0.0696,0.0307,0.0136,0.0007,0.0015,0.0019,0.0465,6.7532,5.3898,5.3161,0.6277,0.1593,0.1735,1.55296,0.84116,0.48256,0.0956,0.05532,0,0,484,189,204,998340,427719,510138,13,15,484,1142,1162,6
205,1.62529,3,23.9578,2.4163,21.5375,0.0026,21.094,20.5539,0.2735,0.4375,0.0254,6.5683,8.686,5.067,0.0395,0.0318,0.0196,0.0008,0.0027,0.0022,0.1013,7.9211,6.271,6.1679,0.6724,0.2258,0.2604,1.39608,0.82832,0.34732,0.09284,0.05392,0,0,484,189,204,998340,427719,510138,13,15,484,1142,1162,6
206,1.64893,3,22.9904,2.7352,20.2515,0.0021,19.8365,19.3128,0.2831,0.4094,0.0217,5.2529,6.4371,7.4393,0.037,0.0293,0.0211,0.0008,0.0023,0.0024,0.061,5.8056,5.4022,5.3269,0.52,0.1899,0.2348,4.25952,3.56784,0.34296,0.09416,0.055,4e-05,0,484,189,204,998340,427719,510138,13,15,484,1142,1162,6
207,1.67181,3,22.3543,2.8529,19.4976,0.0026,19.1229,18.7107,0.2497,0.3685,0.0315,5.5727,9.2791,3.7097,0.0309,0.0192,0.0125,0.0004,0.0015,0.0016,0.0459,8.5695,5.4887,5.406,0.663,0.1334,0.1574,1.39276,0.83116,0.3362,0.09384,0.05476,0,0,484,189,204,998340,427719,510138,13,15,484,1142,1162,6
208,1.69662,3,24.3093,2.8894,21.4163,0.0023,21.0532,20.4652,0.3179,0.3577,0.0264,6.9971,6.1967,7.0695,0.04,0.0272,0.019,0.0007,0.0022,0.0024,0.0769,5.5471,5.1193,5.0551,0.5126,0.2601,0.2658,5.8098,0.87996,4.70156,0.096,0.05556,0,0,484,189,204,998340,427719,510138,13,15,484,1142,1162,6
209,1.71807,3,20.9562,2.6384,18.3144,0.0024,18.0061,17.4599,0.323,0.3023,0.0289,4.0976,8.6903,4.4659,0.044,0.0314,0.0233,0.0005,0.0028,0.0031,0.065,7.9688,5.3369,5.2651,0.5809,0.1772,0.2164,2.19972,0.83572,0.50132,0.0946,0.05472,0,4e-05,484,189,204,998340,427719,510138,13,15,484,1142,1162,6
210,1.74052,3,21.9569,2.5405,19.413,0.0022,19.0904,18.5922,0.3283,0.3177,0.0238,7.825,6.971,3.6525,0.0322,0.0189,0.0124,0.0005,0.0014,0.0015,0.0481,6.2429,5.4311,5.3618,0.5046,0.1521,0.165,1.41864,0.84432,0.3426,0.09708,0.05556,0,0,484,189,204,998340,427719,510138,13,15,484,1142,1162,6
211,1.76518,3,24.1289,2.7511,21.3738,0.0021,20.9494,20.4033,0.3432,0.4189,0.0223,6.171,6.0332,8.045,0.0376,0.021,0.0134,0.0004,0.0018,0.0016,0.0491,5.342,5.419,5.337,0.5679,0.1809,0.1965,4.43348,3.75108,0.34564,0.09516,0.05564,0,0,484,189,204,998340,427719,510138,13,15,484,1142,1162,6
212,1.78569,3,19.9995,2.2391,17.7572,0.0022,17.4969,17.1232,0.2166,0.2556,0.0215,3.9076,9.0067,4.0879,0.0233,0.0172,0.0113,0.0004,0.0014,0.0013,0.0398,8.2847,5.2033,5.1369,0.5955,0.1233,0.1534,1.933,0.84664,0.86276,0.09392,0.05496,0,0,484,189,204,998340,427719,510138,13,15,484,1142,1162,6
213,1.8054,3,19.4732,2.5926,16.8775,0.0023,16.6071,16.2145,0.2312,0.265,0.0262,6.1846,6.1612,3.6984,0.0501,0.0258,0.0123,0.0007,0.0015,0.0014,0.0466,5.4523,5.1836,5.1177,0.5892,0.1255,0.1563,1.41836,0.8474,0.3404,0.09612,0.05572,0,0,484,189,204,998340,427719,510138,13,15,484,1142,1162,6
214,1.83024,3,24.371,2.6234,21.7437,0.0024,21.3624,20.5937,0.4642,0.3757,0.0287,7.5438,7.1327,5.7157,0.0457,0.0309,0.0179,0.0007,0.0021,0.002,0.066,6.3634,5.7109,5.6252,0.677,0.251,0.2985,2.30392,0.99164,1.04348,0.1154,0.06264,0,4e-05,484,189,204,998340,427719,510138,13,15,484,1142,1162,6
215,1.85113,3,20.3206,2.613,17.7032,0.0027,17.3599,16.9138,0.2763,0.3379,0.0267,4.1398,7.1077,5.4911,0.0302,0.0559,0.012,0.0005,0.0017,0.0013,0.0418,6.3926,5.0725,5.009,0.5944,0.1331,0.1655,2.00596,0.91952,0.5252,0.10508,0.05812,0,0,484,189,204,998340,427719,510138,13,15,484,1142,1162,6
216,1.87384,3,22.269,2.5222,19.7431,0.0022,19.3388,18.6559,0.4024,0.3986,0.023,6.3884,7.7287,4.3898,0.0335,0.0208,0.0139,0.0005,0.0017,0.0016,0.0486,6.9759,5.7318,5.6426,0.6225,0.2118,0.2747,2.03248,1.4012,0.3682,0.11232,0.06176,0,0,484,189,204,998340,427719,510138,13,15,484,1142,1162,6
217,1.8997,3,25.571,3.0855,22.4819,0.0022,22.1742,21.7448,0.2633,0.3022,0.0228,6.2927,6.7465,8.5268,0.0566,0.0287,0.0133,0.0005,0.0016,0.002,0.0472,6.0574,5.8524,5.7685,0.6528,0.1339,0.1613,4.4772,3.86688,0.35352,0.10868,0.06064,0,0,484,189,204,998340,427719,510138,13,15,484,1142,1162,6
218,1.92364,3,23.66,2.597,21.06,0.0019,20.6941,20.1102,0.402,0.361,0.0219,6.4096,9.4972,4.0243,0.0395,0.0283,0.0185,0.0006,0.0025,0.0021,0.0594,8.7542,5.2068,5.1374,0.6961,0.1863,0.1771,2.68024,1.48816,0.362,0.10084,0.05744,0,0,484,189,204,998340,427719,510138,13,15,484,1142,1162,6
219,6.00354,3,4079.64,2.8985,4076.74,0.0025,4076.31,4075.57,0.3854,0.4294,0.0235,4058.92,9.6964,6.7454,0.0473,0.0327,0.0202,0.001,0.0024,0.0025,0.0731,8.8013,4058.13,4058.01,1.0171,0.2258,0.3401,4.6556,0.9114,3.50968,0.09792,0.05624,0,0,484,189,204,998340,427719,510138,13,15,484,1142,1162,6
220,6.02559,3,21.7891,2.476,19.3098,0.0031,18.959,18.4893,0.2847,0.3443,0.026,4.5931,9.2686,4.469,0.0365,0.0209,0.0138,0.0005,0.0018,0.0019,0.0502,8.3652,5.8718,5.7923,0.8323,0.1496,0.1795,3.26868,1.20732,0.40868,0.13416,1.41004,0,0,484,189,204,998340,427719,510138,13,15,484,1142,1162,6
221,6.04649,3,20.0654,2.8853,17.1762,0.0026,16.9163,16.4377,0.2432,0.2543,0.0268,6.3441,6.2609,3.6872,0.0314,0.0198,0.0126,0.0005,0.0015,0.0016,0.0458,5.5138,5.3626,5.2883,0.5701,0.1831,0.2295,1.8844,1.10768,0.4694,0.134,0.07008,0,0,484,189,204,998340,427719,510138,13,15,484,1142,1162,6
222,6.0712,3,24.4811,2.6734,21.8046,0.0021,21.3755,20.7951,0.3934,0.4229,0.0246,7.1859,6.3605,6.9591,0.0414,0.0317,0.0493,0.0011,0.0039,0.0026,0.127,5.702,5.824,5.729,0.5275,0.181,0.1807,2.86444,1.09084,1.48044,0.13256,0.06188,0,0,481,189,201,1003491,427719,515289,13,15,481,1121,1141,6
223,6.0936,3,22.075,3.0475,19.024,0.0024,18.7518,18.2749,0.3096,0.2673,0.0269,4.0048,6.5028,7.5665,0.0313,0.0202,0.0127,0.0008,0.0021,0.0021,0.0981,5.8042,4.9614,4.8987,0.6279,0.1312,0.1624,2.89396,2.10256,0.50076,0.13268,0.05996,0,0,481,189,201,1003491,427719,515289,13,15,481,1121,1141,6
224,6.11417,3,20.3752,2.5069,17.8652,0.0022,17.4359,17.0492,0.2224,0.4237,0.0233,5.8736,7.4483,3.5984,0.0238,0.0189,0.0123,0.0005,0.0015,0.0015,0.0416,6.7454,4.9941,4.9251,0.5333,0.127,0.1602,2.52964,1.81596,0.42492,0.13256,0.05932,0,0,482,189,202,1004619,427719,516417,13,15,482,1128,1148,6
225,6.13535,3,20.8353,3.1549,17.6768,0.0023,17.3638,16.5418,0.6,0.3075,0.0264,6.1502,5.5051,4.7431,0.034,0.019,0.0126,0.0006,0.0015,0.0015,0.0425,4.9098,4.9786,4.9107,0.4727,0.1989,0.2163,2.52432,1.81396,0.41856,0.13232,0.06004,0,0,482,189,202,1004619,427719,516417,13,15,482,1128,1148,6
226,6.15682,3,21.1829,2.7459,18.4339,0.002,18.1545,17.6864,0.2148,0.2742,0.0402,4.5014,5.8986,7.12,0.0396,0.0187,0.0113,0.0005,0.0016,0.0016,0.0438,5.2554,5.4629,5.385,0.469,0.1261,0.1604,4.0588,3.34636,0.42144,0.13204,0.06044,0,0,482,189,202,1004619,427719,516417,13,15,482,1128,1148,6
227,6.17654,3,19.5084,2.7892,16.7165,0.0021,16.3767,15.9964,0.2152,0.3358,0.0209,4.3645,7.8377,3.6629,0.0284,0.0179,0.012,0.0005,0.0015,0.0012,0.0429,7.1126,5.1169,5.0511,0.6078,0.1246,0.161,2.45828,0.93572,1.23204,0.1322,0.06004,0,0,482,189,202,1004619,427719,516417,13,15,482,1128,1148,6
228,6.19782,3,21.0471,2.2222,18.8225,0.0016,18.5144,18.0024,0.2262,0.3037,0.0195,3.9951,9.7251,4.1438,0.0324,0.0195,0.0119,0.0005,0.0016,0.0018,0.0457,9.0275,5.4562,5.3809,0.6602,0.1832,0.281,1.62688,0.9436,0.39052,0.13236,0.05972,0,0,482,189,202,1004619,427719,516417,13,15,482,1128,1148,6
229,6.21714,3,19.1257,2.9437,16.1787,0.0024,15.7479,15.1635,0.307,0.4251,0.1285,5.7386,5.4897,3.6953,0.0289,0.0184,0.0119,0.0005,0.0016,0.0016,0.0423,4.8909,4.7781,4.7176,0.458,0.2151,0.2713,2.41532,1.70908,0.41372,0.13216,0.06028,0,0,482,189,202,1004619,427719,516417,13,15,482,1128,1148,6
230,6.2404,3,22.9858,3.2681,19.7144,0.0024,19.3732,18.9386,0.2542,0.3359,0.0259,5.2452,6.3151,7.2084,0.0383,0.0213,0.017,0.0007,0.0016,0.0022,0.0569,5.6439,5.6064,5.5254,0.5864,0.1458,0.1756,4.40444,3.68476,0.42752,0.13256,0.06044,0,4e-05,482,189,202,1004619,427719,516417,13,15,482,1128,1148,6
231,6.26071,3,20.1152,2.2787,17.8338,0.002,17.5739,17.1562,0.2529,0.2552,0.0208,3.9095,8.8027,4.2852,0.036,0.0248,0.0162,0.0008,0.0024,0.0021,0.0504,8.0511,5.0767,5.0157,0.5456,0.1267,0.1604,2.43892,1.72192,0.42476,0.13204,0.06016,0,4e-05,482,189,202,1004619,427719,516417,13,15,482,1128,1148,6
232,6.27988,3,18.9893,2.7194,16.2672,0.0025,15.975,15.5928,0.2157,0.2867,0.0254,5.9086,5.955,3.6044,0.0232,0.017,0.0118,0.0004,0.0017,0.0012,0.0396,5.3196,5.1423,5.0758,0.4935,0.1277,0.162,1.61736,0.93392,0.39192,0.13256,0.05956,0,4e-05,482,189,202,1004619,427719,516417,13,15,482,1128,1148,6
233,6.30403,3,23.9243,2.3604,21.5612,0.0019,21.2079,20.5133,0.4606,0.3487,0.0204,6.7803,7.457,6.0735,0.0445,0.0269,0.0141,0.0006,0.0015,0.0018,0.0874,6.8189,5.6597,5.5697,0.5028,0.2176,0.2294,2.70104,0.93376,1.47732,0.13216,0.05932,0,0,482,189,202,1004619,427719,516417,13,15,482,1128,1148,6
234,6.32365,3,19.4301,2.7989,16.628,0.0021,16.2211,15.7793,0.2716,0.4015,0.0297,4.083,5.8511,5.6983,0.031,0.0205,0.013,0.0005,0.0015,0.0016,0.0439,5.2042,5.0947,5.0267,0.5002,0.1341,0.1654,1.78948,1.08016,0.41944,0.13204,0.06016,0,0,482,189,202,1004619,427719,516417,13,15,482,1128,1148,6
235,6.34698,3,22.9803,2.947,20.0295,0.0023,19.6976,19.2925,0.2275,0.327,0.0243,4.9551,10.4277,3.7735,0.0291,0.0185,0.0124,0.0005,0.0015,0.0015,0.0433,9.64,5.8264,5.7373,0.6944,0.1319,0.1724,2.75824,2.04596,0.42048,0.13188,0.06012,0,0,481,189,201,1003491,427719,515289,13,15,481,1121,1141,6
236,6.3715,3,24.0889,2.5987,21.4864,0.0025,20.9875,20.3819,0.3433,0.4934,0.0267,7.4118,6.8834,5.8915,0.0428,0.0281,0.0175,0.001,0.0017,0.002,0.0682,6.211,6.0155,5.9143,0.5842,0.2001,0.2566,2.44208,0.92584,1.22824,0.13212,0.05952,0,0,481,189,201,1003491,427719,515289,13,15,481,1121,1141,6
237,6.39259,3,20.8288,2.6543,18.1719,0.0023,17.8265,17.3427,0.2956,0.34,0.0217,4.1665,6.7207,6.2923,0.0344,0.0195,0.0121,0.0006,0.0017,0.0014,0.0655,6.0975,5.2076,5.1401,0.5167,0.1497,0.1838,2.44616,1.75028,0.41256,0.12812,0.05836,0,0,482,189,202,1004619,427719,516417,13,15,482,1128,1148,6
238,6.41484,3,21.968,3.1799,18.7852,0.0024,18.4447,17.9483,0.2945,0.335,0.0333,6.0748,8.0789,3.6456,0.0279,0.02,0.013,0.0004,0.0015,0.0016,0.0457,7.3229,5.4567,5.3781,0.6063,0.1525,0.1966,2.50996,1.80244,0.41536,0.13188,0.0604,0,0,481,189,201,1003491,427719,515289,13,15,481,1121,1141,6
239,6.43494,3,19.9179,2.8971,17.0179,0.0024,16.4566,15.8916,0.2763,0.5546,0.0273,5.9039,5.9417,3.857,0.0398,0.0292,0.0174,0.0007,0.0023,0.0025,0.0636,5.2799,5.1333,5.063,0.5012,0.2093,0.2821,7.61964,0.93848,6.38928,0.13236,0.06044,0,0,482,189,202,1004619,427719,516417,13,15,482,1128,1148,6
240,6.45721,3,21.9871,2.6472,19.3363,0.0025,19.0728,18.5134,0.3636,0.257,0.0282,5.6075,5.7608,7.0038,0.0295,0.0198,0.0122,0.0005,0.0014,0.0017,0.0425,5.1564,5.2271,5.157,0.4656,0.1882,0.1906,4.40564,3.75656,0.38452,0.11636,0.05508,0,0,482,189,202,1004619,427719,516417,13,15,482,1128,1148,6
241,6.47637,3,18.9826,2.5822,16.3977,0.0019,16.148,15.7528,0.2197,0.2451,0.0205,4.2995,7.6906,3.6412,0.0234,0.0174,0.0114,0.0005,0.0017,0.0012,0.0408,6.9719,5.0634,4.9987,0.5544,0.1306,0.1714,2.129,1.52508,0.35992,0.10688,0.05168,4e-05,0,482,189,202,1004619,427719,516417,13,15,482,1128,1148,6
242,6.49729,3,20.6482,2.2297,18.4157,0.0019,18.1329,17.7534,0.2143,0.2781,0.0194,4.0273,9.8167,3.7812,0.0261,0.019,0.012,0.0006,0.0013,0.0018,0.0436,9.1545,5.1255,5.06,0.5287,0.1258,0.1612,1.51012,0.87112,0.3668,0.12012,0.0568,0,0,482,189,202,1004619,427719,516417,13,15,482,1128,1148,6
243,6.51687,3,19.2857,3.1188,16.1629,0.0027,15.8407,15.3739,0.2597,0.3166,0.0263,5.7992,5.4621,3.9567,0.035,0.0231,0.0131,0.0005,0.002,0.0016,0.0491,4.8673,5.0976,5.0326,0.4568,0.1528,0.2021,2.46996,1.78348,0.41068,0.12452,0.05704,0,0,482,189,202,1004619,427719,516417,13,15,482,1128,1148,6
244,6.54262,3,25.5243,3.2818,22.239,0.002,21.9334,21.3887,0.3189,0.3007,0.0359,7.7665,7.0986,6.2817,0.052,0.0393,0.0255,0.0009,0.0031,0.0036,0.0735,6.4137,5.8736,5.7844,0.5503,0.1706,0.2202,2.431,1.72812,0.41216,0.13204,0.05944,0,0,482,189,202,1004619,427719,516417,13,15,482,1128,1148,6
245,6.56413,3,21.3119,2.4684,18.8402,0.0022,18.4989,17.6656,0.5505,0.3357,0.0276,3.9725,9.2663,4.2764,0.0308,0.0205,0.0122,0.0006,0.0019,0.0014,0.0495,8.5961,5.7642,5.6741,0.541,0.2129,0.2761,1.55712,0.82008,0.48756,0.11172,0.05244,0,0,482,189,202,1004619,427719,516417,13,15,482,1128,1148,6
246,6.58386,3,19.3877,2.8257,16.5581,0.0024,16.13,15.7254,0.2289,0.4226,0.0272,5.9944,5.7837,3.8078,0.0285,0.021,0.0125,0.0006,0.0016,0.0021,0.0413,5.1366,5.1799,5.1124,0.4757,0.1276,0.1711,2.22816,0.8422,1.12632,0.11636,0.05588,4e-05,0,482,189,202,1004619,427719,516417,13,15,482,1128,1148,6
247,6.60969,3,25.4915,2.9607,22.5269,0.0024,21.9909,21.1785,0.5511,0.5304,0.0213,7.3473,6.9849,6.5851,0.0452,0.0656,0.0155,0.0007,0.0017,0.0021,0.1024,6.2927,5.5854,5.4878,0.5792,0.2082,0.2548,2.58036,1.86592,0.42684,0.1322,0.06064,0,0,482,189,202,1004619,427719,516417,13,15,482,1128,1148,6
248,6.63068,3,20.7647,2.1557,18.6055,0.002,18.2315,17.5948,0.3416,0.369,0.0222,4.2807,8.9931,4.1307,0.0436,0.0277,0.0191,0.0006,0.0019,0.002,0.0657,8.1665,5.6426,5.5534,0.8106,0.2152,0.2893,2.07412,1.44888,0.37664,0.11176,0.05264,4e-05,0,482,189,202,1004619,427719,516417,13,15,482,1128,1148,6
249,6.65619,3,25.3011,2.8337,22.4643,0.0025,22.0706,21.3573,0.4828,0.3877,0.0283,6.487,7.4685,6.7213,0.07,0.3438,0.056,0.0012,0.0047,0.0027,0.1624,6.7846,5.5496,5.4495,0.5383,0.1929,0.2245,2.70028,1.97944,0.42644,0.13212,0.06364,0,0,482,189,202,1004619,427719,516417,13,15,482,1128,1148,6
250,6.67525,3,18.8568,2.7072,16.1466,0.0022,15.5418,15.018,0.2531,0.5994,0.024,3.9804,6.6931,4.1991,0.0312,0.018,0.0123,0.0004,0.0019,0.0014,0.0506,6.0009,5.0416,4.9761,0.6384,0.1939,0.2653,2.32204,1.68184,0.38432,0.11504,0.05372,0,0,482,189,202,1004619,427719,516417,13,15,482,1128,1148,6
251,6.69607,3,20.621,2.255,18.3636,0.0018,18.0785,17.4822,0.3282,0.2803,0.0217,3.9796,7.5768,5.7259,0.0453,0.0323,0.022,0.0012,0.0024,0.0022,0.0653,6.9067,5.2963,5.2232,0.5071,0.2009,0.262,1.80208,1.10912,0.41572,0.12712,0.05768,0,4e-05,482,189,202,1004619,427719,516417,13,15,482,1128,1148,6
252,6.71809,3,21.7951,2.4692,19.3233,0.0021,18.9037,18.3346,0.3493,0.4146,0.0235,7.7037,6.1502,4.3327,0.0351,0.0205,0.0131,0.0004,0.0015,0.0019,0.0459,5.5097,5.9423,5.8551,0.5053,0.1609,0.2144,1.70864,1.02244,0.41428,0.12568,0.05752,0,0,482,189,202,1004619,427719,516417,13,15,482,1128,1148,6
253,6.73726,3,18.8558,2.6996,16.1525,0.0022,15.728,15.007,0.4501,0.4193,0.0276,4.5098,5.7979,4.5037,0.0401,0.0235,0.0143,0.0006,0.0017,0.0016,0.0802,5.1523,5.1814,5.0994,0.5106,0.26,0.2653,1.76544,1.06496,0.41624,0.1284,0.05964,0,0,482,189,202,1004619,427719,516417,13,15,482,1128,1148,6
254,6.75988,3,22.4161,2.4932,19.9201,0.0023,19.4778,18.9795,0.3209,0.4372,0.0261,6.3821,6.7833,5.5832,0.0665,0.0213,0.0247,0.013,0.0134,0.0027,0.0527,6.0583,5.3549,5.2742,0.6104,0.1398,0.1726,4.7462,4.05312,0.41736,0.12376,0.05764,0,0,482,189,202,1004619,427719,516417,13,15,482,1128,1148,6
255,6.77866,3,18.5781,2.1141,16.4615,0.0021,16.1982,15.8087,0.2218,0.2584,0.0226,3.9141,7.796,3.9615,0.0301,0.0199,0.0126,0.0006,0.0015,0.0014,0.0431,7.0714,5.1362,5.0713,0.5761,0.1287,0.1636,1.76672,1.14148,0.38012,0.11032,0.05268,0,0,482,189,202,1004619,427719,516417,13,15,482,1128,1148,6
256,6.79974,3,20.8423,2.09,18.7496,0.0017,18.4445,17.8789,0.3478,0.3006,0.0215,4.1483,9.9291,3.6559,0.0368,0.0202,0.0127,0.0005,0.0015,0.0014,0.0454,9.2438,5.3178,5.2471,0.6247,0.1715,0.2133,1.84676,0.93156,0.56288,0.13232,0.06372,0,0,482,189,202,1004619,427719,516417,13,15,482,1128,1148,6
257,6.82185,3,21.8656,2.5183,19.3436,0.0025,18.9531,18.1876,0.5133,0.384,0.0234,6.5418,5.7645,5.6264,0.0461,0.0369,0.026,0.001,0.0029,0.0022,0.1069,5.0801,5.3666,5.2938,0.4818,0.234,0.2447,2.80736,2.12472,0.41368,0.12368,0.05772,0,0,482,189,202,1004619,427719,516417,13,15,482,1128,1148,6
258,6.8441,3,22.0382,2.611,19.4239,0.0021,19.0436,18.4369,0.3937,0.3749,0.0232,4.5642,8.6101,5.1142,0.0347,0.0211,0.0121,0.0005,0.0018,0.0017,0.0475,7.8346,5.7884,5.6951,0.7325,0.1701,0.2079,1.74848,1.08604,0.396,0.11928,0.05624,0,0,482,189,202,1004619,427719,516417,13,15,482,1128,1148,6
259,6.86513,3,20.7971,2.1501,18.6435,0.0021,18.3098,17.8072,0.2822,0.328,0.0214,4.0326,9.3382,4.2781,0.0326,0.0249,0.0152,0.0005,0.0019,0.0018,0.0537,8.5581,5.2718,5.2025,0.6461,0.1645,0.2156,2.87192,2.18952,0.40776,0.1244,0.0574,4e-05,0,482,189,202,1004619,427719,516417,13,15,482,1128,1148,6
260,6.88474,3,19.3368,3.0211,16.3122,0.0022,15.9446,15.473,0.2647,0.3621,0.0235,5.8066,5.4444,4.0597,0.0371,0.022,0.0139,0.0006,0.0015,0.0017,0.0566,4.8607,5.1611,5.0966,0.4584,0.1571,0.2025,2.4194,1.72168,0.4174,0.1282,0.05808,0,0,482,189,202,1004619,427719,516417,13,15,482,1128,1148,6
261,6.9088,3,23.8272,2.5648,21.2595,0.002,20.966,20.5575,0.2381,0.2885,0.0247,6.968,7.3382,6.0968,0.0336,0.0221,0.013,0.0007,0.0017,0.0027,0.05,6.4446,4.9456,4.8856,0.6656,0.1295,0.1664,5.97608,5.24528,0.43916,0.13252,0.0608,0,0,482,189,202,1004619,427719,516417,13,15,482,1128,1148,6
262,6.92748,3,18.4849,2.0968,16.3856,0.0021,16.0404,15.4362,0.3421,0.3395,0.0225,3.9007,7.2337,4.1276,0.0437,0.026,0.0193,0.0007,0.0032,0.0025,0.0496,6.5004,5.0269,4.9523,0.6223,0.1894,0.2569,2.23272,1.5762,0.40104,0.11644,0.05472,0,0,482,189,202,1004619,427719,516417,13,15,482,1128,1148,6
263,6.94932,3,21.6164,2.4377,19.1752,0.0022,18.641,18.2372,0.2259,0.5287,0.0274,5.6636,8.7872,3.6469,0.027,0.0189,0.0128,0.0005,0.0015,0.0013,0.0446,8.0998,5.2732,5.1996,0.5127,0.1304,0.1733,1.56772,0.90404,0.387,0.12588,0.0574,0,0,482,189,202,1004619,427719,516417,13,15,482,1128,1148,6
264,6.98312,3,29.9334,3.3196,26.6088,0.0035,26.2259,25.557,0.3681,0.375,0.0362,10.8156,8.5334,5.9857,0.0453,0.0338,0.02,0.0011,0.0024,0.0022,0.0729,7.7473,6.4858,6.3414,0.6617,0.2286,0.2933,2.43884,1.7238,0.42248,0.13224,0.06112,0,4e-05,482,189,202,1004619,427719,516417,13,15,482,1128,1148,6
265,7.00787,3,24.3445,2.4609,21.8798,0.0021,21.4747,21.0503,0.2469,0.3995,0.0307,6.2177,8.1624,6.5207,0.0315,0.0203,0.0127,0.0005,0.0015,0.0014,0.0457,7.4182,5.2467,5.1744,0.679,0.1352,0.1729,2.5076,0.94236,1.32944,0.10212,0.05024,0,0,481,189,201,1004615,427719,516413,13,15,481,1121,1141,6
266,7.02581,3,17.697,2.1534,15.5406,0.0022,15.2732,14.8444,0.2593,0.2626,0.0208,3.9215,6.4998,4.2825,0.0302,0.022,0.0131,0.0007,0.0016,0.0019,0.0451,5.7982,5.1181,5.0545,0.6529,0.1319,0.1653,1.27912,0.73068,0.33584,0.09392,0.04868,0,0,481,189,201,1004615,427719,516413,13,15,481,1121,1141,6
267,7.04678,3,20.59,2.2513,18.3356,0.002,18.0202,17.5938,0.2533,0.3103,0.023,7.471,6.3492,3.6357,0.0302,0.0187,0.0115,0.0005,0.0016,0.0016,0.0456,5.6841,5.1558,5.0854,0.5453,0.1314,0.1689,2.35484,1.6664,0.415,0.12592,0.05792,0,0,481,189,201,1004615,427719,516413,13,15,481,1121,1141,6
268,7.07378,3,26.7382,2.138,24.597,0.0019,24.2651,23.688,0.3397,0.3268,0.0217,7.1215,11.2703,5.155,0.0299,0.0201,0.0136,0.0004,0.0018,0.0016,0.0468,10.5693,5.1839,5.1145,0.6805,0.1845,0.2329,2.2602,0.94224,1.03004,0.1324,0.06056,0,0,481,189,201,1004615,427719,516413,13,15,481,1121,1141,6
269,7.09563,3,21.551,2.9123,18.6345,0.0025,18.3251,17.747,0.3858,0.3036,0.0337,4.5909,8.8664,4.1142,0.0368,0.0224,0.0153,0.0005,0.0019,0.0022,0.0565,8.0053,5.2826,5.2132,0.7088,0.1699,0.1856,2.66308,0.83284,1.58052,0.11264,0.05424,0,0,481,189,201,1004615,427719,516413,13,15,481,1121,1141,6
270,7.11726,3,21.3488,2.736,18.6089,0.0028,18.2599,17.6929,0.3663,0.3427,0.0267,6.6245,6.9377,3.9719,0.034,0.022,0.0152,0.0006,0.0017,0.0016,0.051,6.2449,5.1738,5.1057,0.6524,0.1621,0.1953,1.38528,0.79636,0.3544,0.10576,0.0522,0,0,481,189,201,1004615,427719,516413,13,15,481,1121,1141,6
271,7.13924,3,21.2045,3.6043,17.5954,0.0029,17.2164,16.5623,0.4423,0.3728,0.0385,4.6009,5.8686,5.8779,0.0365,0.0231,0.0162,0.0008,0.0025,0.0027,0.088,5.2185,5.2712,5.2064,0.5052,0.1852,0.2056,2.10968,1.48664,0.37784,0.11132,0.05336,0,0,481,189,201,1004615,427719,516413,13,15,481,1121,1141,6
272,7.16047,3,20.9862,2.3982,18.5843,0.0023,18.1124,17.4422,0.3568,0.4662,0.0243,4.5632,7.1485,5.57,0.0328,0.0197,0.0169,0.0007,0.0027,0.002,0.0546,6.3891,5.2913,5.2203,0.6078,0.2347,0.3081,2.7468,0.87116,1.61756,0.1174,0.05632,0,0,481,189,201,1004615,427719,516413,13,15,481,1121,1141,6
273,7.18095,3,20.179,2.3836,17.7912,0.0021,17.4286,16.7363,0.4284,0.3572,0.0221,4.0433,8.8346,3.7187,0.0279,0.0197,0.0136,0.0005,0.0021,0.0016,0.0469,7.995,5.304,5.2384,0.7854,0.1987,0.2578,1.8514,1.241,0.37704,0.10516,0.05152,0,0,481,189,201,1004615,427719,516413,13,15,481,1121,1141,6
274,7.20198,3,20.7331,2.5656,18.1608,0.0024,17.8179,17.3636,0.2821,0.3373,0.0234,8.0399,5.5834,3.6159,0.0232,0.0174,0.012,0.0006,0.0014,0.0016,0.0399,4.9879,5.1471,5.0861,0.458,0.1324,0.1673,1.5564,0.89648,0.39148,0.12368,0.05736,0,0,481,189,201,1004615,427719,516413,13,15,481,1121,1141,6
275,7.22227,3,20.0331,2.4446,17.5851,0.0022,17.2662,16.7157,0.3126,0.3131,0.0214,4.5767,6.322,5.6539,0.0364,0.0263,0.0155,0.0006,0.002,0.0018,0.0536,5.7257,5.3183,5.2476,0.441,0.1777,0.2321,1.634,0.9438,0.40596,0.13224,0.06116,0,0,481,189,201,1004615,427719,516413,13,15,481,1121,1141,6
276,7.24001,3,17.4917,2.6062,14.8823,0.0027,14.6245,14.2478,0.211,0.2525,0.0251,3.9541,6.1296,4.0399,0.0232,0.0175,0.0112,0.0004,0.0013,0.0018,0.0389,5.4691,4.863,4.8042,0.555,0.1194,0.1609,1.68996,1.00124,0.40488,0.13244,0.06064,0,0,481,189,201,1004615,427719,516413,13,15,481,1121,1141,6
277,7.26118,3,20.9958,2.0492,18.9444,0.0016,18.5133,18.0728,0.26,0.4264,0.0196,4.1146,8.1602,5.612,0.0399,0.0296,0.018,0.0006,0.0023,0.0024,0.0675,7.3976,5.292,5.2238,0.8101,0.1356,0.1752,1.75592,1.04392,0.4264,0.132,0.06104,0,0,481,189,201,1004615,427719,516413,13,15,481,1121,1141,6
278,7.28359,3,21.9522,2.5447,19.4037,0.0025,19.056,18.5464,0.326,0.3419,0.0279,4.7411,7.576,6.0154,0.0449,0.0362,0.0248,0.0008,0.0027,0.0025,0.0664,6.9135,5.8583,5.7703,0.5582,0.1494,0.1779,1.72576,1.01484,0.42556,0.13224,0.061,0,0,481,189,201,1004615,427719,516413,13,15,481,1121,1141,6
279,7.30828,3,24.4879,2.4064,22.0786,0.0021,21.7297,21.1739,0.3208,0.3426,0.0236,7.7042,7.1785,6.12,0.0339,0.0255,0.0161,0.0005,0.0022,0.002,0.061,6.4742,6.2311,6.1326,0.6802,0.1796,0.2304,2.22828,1.57112,0.3994,0.11856,0.0554,0,0,481,189,201,1004615,427719,516413,13,15,481,1121,1141,6
280,7.33043,3,21.8679,2.9289,18.9088,0.0027,18.4909,17.943,0.2803,0.4121,0.0264,4.0427,8.773,4.9747,0.0342,0.0238,0.0132,0.0005,0.0018,0.002,0.0458,7.8083,5.3986,5.3311,0.6375,0.1516,0.2623,2.16348,1.5274,0.39056,0.11152,0.05336,0,0,481,189,201,1004615,427719,516413,13,15,481,1121,1141,6
281,7.35101,3,20.3526,2.4005,17.9488,0.0023,17.6302,17.2428,0.2204,0.313,0.0274,7.4102,6.0315,3.6723,0.0231,0.0173,0.0114,0.0004,0.0018,0.0013,0.0415,5.3656,5.4726,5.3981,0.4815,0.1242,0.1618,1.40752,0.80944,0.35944,0.10744,0.05208,0,0,481,189,201,1004615,427719,516413,13,15,481,1121,1141,6
282,7.37167,3,20.4396,2.8455,17.5908,0.0023,17.1693,16.4636,0.4292,0.4161,0.034,6.9261,5.4144,3.9223,0.0331,0.0269,0.0173,0.0006,0.0021,0.0021,0.0787,4.8256,5.0991,5.0264,0.4387,0.245,0.2711,2.6352,1.95968,0.40872,0.1226,0.05688,0,0,481,189,201,1004615,427719,516413,13,15,481,1121,1141,6
283,7.39224,3,20.3201,2.2924,18.0244,0.002,17.7539,17.3397,0.2444,0.2658,0.0214,4.288,6.9183,5.9824,0.033,0.0211,0.0132,0.0005,0.002,0.0019,0.0527,6.2379,5.0271,4.959,0.5472,0.1336,0.1654,1.76144,1.06336,0.42036,0.12724,0.05828,4e-05,0,481,189,201,1004615,427719,516413,13,15,481,1121,1141,6
284,7.41511,3,22.635,2.1728,20.4595,0.0018,20.1342,19.6747,0.2903,0.3202,0.0207,3.9219,7.6973,7.6591,0.0588,0.0211,0.0157,0.0004,0.0015,0.0016,0.2686,6.9813,4.9408,4.8754,0.5291,0.1331,0.1656,1.63224,0.99004,0.3976,0.11248,0.05348,0,0,481,189,201,1004615,427719,516413,13,15,481,1121,1141,6
285,7.43379,3,18.4063,2.3065,16.0959,0.0024,15.8096,15.4231,0.2186,0.2808,0.0236,4.9372,6.4079,3.9542,0.0227,0.017,0.0115,0.0004,0.0014,0.0017,0.0403,5.6451,5.2694,5.2012,0.5663,0.1251,0.163,1.52892,0.8414,0.44108,0.11232,0.05324,0,0,481,189,201,1004615,427719,516413,13,15,481,1121,1141,6
286,7.45359,3,19.5738,2.2426,17.3283,0.0021,17.025,16.2781,0.5018,0.2984,0.0195,5.3507,6.1463,4.5714,0.0383,0.0284,0.0201,0.0005,0.0021,0.0019,0.0933,5.5044,5.0244,4.9606,0.5581,0.1736,0.2402,1.91784,0.94052,0.47372,0.13244,0.278,0,0,481,189,201,1004615,427719,516413,13,15,481,1121,1141,6
287,7.47627,3,22.4837,2.2171,20.2639,0.0021,19.8604,19.2485,0.3244,0.3989,0.0188,5.3646,6.1186,7.4916,0.1116,0.0263,0.0203,0.0007,0.0023,0.0016,0.0858,5.4344,5.3577,5.2853,0.5286,0.2185,0.2826,2.55332,1.84044,0.4298,0.132,0.06048,4e-05,0,481,189,201,1004615,427719,516413,13,15,481,1121,1141,6
288,7.49673,3,20.2411,2.5407,17.6967,0.0021,17.4389,17.0551,0.2162,0.253,0.0216,4.2491,8.8991,3.7683,0.021,0.0174,0.0117,0.0005,0.0016,0.0015,0.0585,8.1695,5.0888,5.0247,0.5952,0.1241,0.1632,2.55448,1.84256,0.42892,0.13216,0.05936,0,0,481,189,201,1004615,427719,516413,13,15,481,1121,1141,6
289,7.51584,3,18.9302,2.2981,16.629,0.0021,16.307,15.7674,0.3654,0.3171,0.0208,4.1208,7.6929,3.7944,0.0319,0.0254,0.0129,0.0007,0.0022,0.0019,0.0578,7.042,5.1018,5.0375,0.48,0.144,0.1693,1.62792,0.94128,0.40556,0.13212,0.05952,0,0,481,189,201,1004615,427719,516413,13,15,481,1121,1141,6
290,7.53578,3,19.7401,2.6504,17.0869,0.002,16.7208,16.2621,0.2161,0.3619,0.0212,6.6078,5.9169,3.615,0.0222,0.0168,0.0117,0.0003,0.0013,0.0013,0.043,5.2965,5.1761,5.1124,0.4563,0.1753,0.2376,3.07004,2.35664,0.42564,0.1322,0.06064,0,0,481,189,201,1004615,427719,516413,13,15,481,1121,1141,6
291,7.55906,3,23.029,2.7405,20.2857,0.0025,19.9132,19.2069,0.3465,0.367,0.024,6.0124,5.8662,7.1816,0.0328,0.0218,0.0112,0.0005,0.0014,0.0014,0.0479,5.2154,5.0909,5.0197,0.4878,0.2523,0.3549,4.6768,3.9494,0.43992,0.13236,0.06028,0,0,481,189,201,1004615,427719,516413,13,15,481,1121,1141,6
292,7.5782,3,18.9202,2.2647,16.6527,0.002,16.3638,15.6719,0.3844,0.2839,0.0203,3.916,6.883,4.7275,0.0327,0.0227,0.0133,0.0006,0.0017,0.0016,0.047,6.1933,5.0972,5.0372,0.5759,0.2469,0.3026,2.28796,1.63672,0.39184,0.11848,0.05564,4e-05,0,481,189,201,1004615,427719,516413,13,15,481,1121,1141,6
293,7.5999,3,21.1682,2.6868,18.4773,0.002,18.1836,17.7983,0.2147,0.2887,0.0205,6.6204,7.4693,3.5908,0.0215,0.0173,0.0117,0.0003,0.0014,0.0015,0.0393,6.841,5.275,5.2051,0.4752,0.1216,0.1663,2.59516,0.92244,1.40024,0.12576,0.05748,0,0,481,189,201,1004615,427719,516413,13,15,481,1121,1141,6
294,7.62351,3,23.0417,2.5803,20.4575,0.0022,20.145,19.7184,0.2551,0.3072,0.0265,7.7134,5.9241,5.8752,0.0304,0.0194,0.0161,0.0006,0.0024,0.002,0.1018,5.301,5.5686,5.489,0.4931,0.1322,0.1664,2.4148,0.9372,1.19288,0.13232,0.05992,4e-05,0,481,189,201,1004615,427719,516413,13,15,481,1121,1141,6
295,7.6426,3,18.4348,2.5143,15.9166,0.0024,15.6318,14.8622,0.4932,0.2799,0.0216,3.9249,5.6971,5.0488,0.0331,0.0227,0.0207,0.0005,0.0014,0.0013,0.0858,5.068,4.9703,4.9065,0.5007,0.2859,0.2717,2.36636,1.68,0.41204,0.1266,0.05816,0,0,480,189,200,1004079,427719,515877,13,15,480,1114,1134,6
296,7.664,3,20.8767,2.3346,18.5386,0.0023,18.2115,17.8128,0.2276,0.3213,0.026,5.4347,6.8247,5.4194,0.028,0.0185,0.0122,0.0005,0.0013,0.0016,0.0408,6.1606,5.0927,5.0137,0.4988,0.1301,0.1666,4.52296,3.81388,0.4228,0.132,0.06048,0,0,480,189,200,1004079,427719,515877,13,15,480,1114,1134,6
297,7.68565,3,21.1309,2.3529,18.7746,0.002,18.4654,17.9086,0.3484,0.3045,0.0216,7.0444,6.9368,3.7406,0.0369,0.0317,0.0192,0.0007,0.0017,0.0016,0.0674,6.229,4.9985,4.9323,0.5368,0.162,0.2031,2.04056,1.37556,0.40056,0.1216,0.05656,0,0,480,189,200,1004079,427719,515877,13,15,480,1114,1134,6
298,7.70926,3,22.8589,3.1207,19.7347,0.0029,19.413,18.7206,0.3649,0.3154,0.0308,6.0972,5.5626,6.9017,0.0317,0.0208,0.0129,0.0005,0.0018,0.0017,0.0534,4.9554,5.2561,5.1873,0.4684,0.3076,0.3216,4.44004,1.02432,3.16372,0.11524,0.05404,0,0,480,189,200,1004079,427719,515877,13,15,480,1114,1134,6
299,7.73123,3,21.4834,2.7837,18.6965,0.0022,18.3695,17.9625,0.2361,0.3221,0.0261,4.302,9.831,3.6954,0.0261,0.0189,0.012,0.0007,0.0013,0.0014,0.0426,9.1616,5.0758,5.0118,0.7498,0.13,0.1663,2.06084,1.45556,0.36896,0.1082,0.05256,0,0,480,189,200,1004079,427719,515877,13,15,480,1114,1134,6
300,7.75266,3,21.0148,2.3295,18.6817,0.0026,18.3441,17.9361,0.2324,0.3319,0.0247,7.5736,6.4916,3.7317,0.0287,0.0196,0.013,0.0008,0.0015,0.0017,0.0439,5.8095,5.1401,5.0722,0.5838,0.1276,0.1712,1.42932,0.8264,0.35824,0.11084,0.05268,0,0,480,189,200,1004079,427719,515877,13,15,480,1114,1134,6
301,7.77572,3,22.4702,2.6218,19.8447,0.0022,19.4986,18.9535,0.3382,0.3412,0.0219,6.1686,5.6822,6.9,0.0449,0.0274,0.0186,0.0008,0.0021,0.0023,0.0787,5.0252,5.0852,5.0139,0.4782,0.1732,0.202,4.73852,0.9488,3.55764,0.10368,0.05036,0,0,480,189,200,1004079,427719,515877,13,15,480,1114,1134,6
302,7.79652,3,20.3484,2.2952,18.0498,0.002,17.7426,17.3553,0.222,0.3022,0.0212,4.1137,9.2045,3.911,0.0261,0.0185,0.0123,0.0005,0.0014,0.0014,0.04,8.5235,5.0926,5.0307,0.5095,0.1266,0.1614,1.987,1.3988,0.35784,0.10352,0.0502,0,0,480,189,200,1004079,427719,515877,13,15,480,1114,1134,6
303,7.81773,3,20.745,2.0486,18.6934,0.0019,18.3671,17.8246,0.301,0.3209,0.0217,5.063,8.3322,4.2584,0.0344,0.026,0.0169,0.0006,0.002,0.0018,0.0613,7.6748,5.522,5.4387,0.615,0.1804,0.2366,1.31816,0.76088,0.3366,0.09832,0.04892,0,0,480,189,200,1004079,427719,515877,13,15,480,1114,1134,6
304,7.84093,3,22.6743,2.9847,19.6856,0.0024,19.3911,18.759,0.3804,0.2888,0.0267,6.8369,5.5355,6.2366,0.0317,0.0205,0.0129,0.0005,0.002,0.0015,0.0487,4.9458,5.0879,5.0244,0.4573,0.2331,0.2471,2.23948,1.6216,0.37244,0.11184,0.05292,0,0,480,189,200,1004079,427719,515877,13,15,480,1114,1134,6
305,7.86112,3,19.7196,2.2022,17.5136,0.0023,17.2038,16.7742,0.253,0.304,0.0264,4.3903,6.7171,5.5189,0.0332,0.0189,0.0128,0.0004,0.0015,0.0016,0.0474,6.0399,5.2809,5.2054,0.5672,0.137,0.1718,1.66248,1.06848,0.36344,0.10464,0.05056,0,0,480,189,200,1004079,427719,515877,13,15,480,1114,1134,6
306,7.88135,3,19.8108,2.0857,17.7216,0.0019,17.4292,16.8709,0.309,0.2872,0.0214,3.9945,8.5633,4.1639,0.0328,0.0206,0.0134,0.0005,0.0017,0.0017,0.0515,7.7943,5.1951,5.1234,0.5477,0.1882,0.244,2.63548,0.78488,1.62584,0.10092,0.04956,0,0,480,189,200,1004079,427719,515877,13,15,480,1114,1134,6
307,7.90623,3,24.3176,2.5528,21.7605,0.0025,21.3709,20.5859,0.5214,0.384,0.0313,8.4228,6.0757,5.8044,0.1001,0.0425,0.0202,0.0012,0.003,0.0022,0.0737,5.444,6.1057,6.0158,0.5079,0.2449,0.2579,1.40328,0.80832,0.35564,0.10892,0.05208,0.0004,4e-05,480,189,200,1004079,427719,515877,13,15,480,1114,1134,6
308,7.92798,3,21.255,2.0379,19.2132,0.002,18.87,18.4111,0.2631,0.338,0.0222,4.584,7.4826,6.19,0.0328,0.0241,0.0166,0.0004,0.0023,0.0027,0.0477,6.7386,5.6097,5.5365,0.6093,0.15,0.191,1.49228,0.79108,0.4702,0.10384,0.05088,0,0,480,189,200,1004079,427719,515877,13,15,480,1114,1134,6
309,7.94951,3,21.0846,2.0013,19.0794,0.0023,18.7888,18.2612,0.3119,0.2855,0.0215,4.063,9.64,4.3797,0.0523,0.0234,0.0152,0.0006,0.0021,0.0019,0.0551,8.8622,5.6205,5.5398,0.5768,0.1611,0.2108,2.7488,0.817,1.69832,0.10648,0.05084,0,0,480,189,200,1004079,427719,515877,13,15,480,1114,1134,6
310,7.97274,3,22.7561,2.2244,20.5276,0.0023,20.0584,19.3257,0.3831,0.4636,0.028,7.5059,6.1282,5.4871,0.0458,0.027,0.0232,0.0008,0.0025,0.0028,0.0677,5.5187,5.63,5.542,0.5056,0.285,0.343,1.43936,0.8334,0.359,0.11148,0.0524,0,0,480,189,200,1004079,427719,515877,13,15,480,1114,1134,6
311,7.99377,3,20.5725,2.1035,18.4652,0.0022,18.1533,17.702,0.2598,0.3069,0.0215,4.3857,5.487,7.6941,0.0279,0.0196,0.0121,0.0006,0.0016,0.0016,0.0453,4.8864,5.0655,4.9995,0.4475,0.1556,0.186,1.56568,0.94156,0.38116,0.11052,0.05248,0,0,480,189,200,1004079,427719,515877,13,15,480,1114,1134,6
312,8.01434,3,20.0781,2.1638,17.9105,0.003,17.6273,17.2154,0.2398,0.2769,0.0294,4.0601,8.9894,4.026,0.028,0.0186,0.0118,0.0005,0.0019,0.0014,0.0436,8.3199,5.2327,5.1679,0.5477,0.1273,0.1666,2.2922,0.8392,1.20932,0.111,0.05264,0,0,480,189,200,1004079,427719,515877,13,15,480,1114,1134,6
313,8.03519,3,20.3853,1.8516,18.5305,0.002,18.2038,17.5981,0.3241,0.3212,0.0205,6.2949,7.4847,3.6874,0.0281,0.0217,0.0116,0.0005,0.0015,0.0016,0.0408,6.8123,4.9521,4.8873,0.5305,0.2031,0.2755,1.3178,0.75884,0.33864,0.09808,0.04896,0,0,480,189,200,1004079,427719,515877,13,15,480,1114,1134,6
314,8.05965,3,23.9393,2.3208,21.6146,0.0024,21.3385,20.789,0.377,0.2708,0.0301,7.5626,5.6643,7.3666,0.0323,0.0286,0.0197,0.0013,0.002,0.0019,0.0738,5.0038,5.0982,5.0263,0.4648,0.1373,0.1672,1.52236,0.8084,0.47788,0.10756,0.05132,0,0,480,189,200,1004079,427719,515877,13,15,480,1114,1134,6
315,8.08042,3,20.5094,1.975,18.5312,0.0023,18.2196,17.7205,0.3232,0.3065,0.026,4.4209,8.8478,4.3053,0.0337,0.0207,0.0128,0.0006,0.0015,0.0018,0.0443,8.0912,5.1912,5.1237,0.6007,0.1355,0.1706,1.37224,0.75044,0.40324,0.09748,0.04908,0,0,480,189,200,1004079,427719,515877,13,15,480,1114,1134,6
316,8.1013,3,20.4391,1.8738,18.5621,0.0018,18.2397,17.7902,0.2258,0.3173,0.0206,4.9813,9.0304,3.6537,0.0266,0.0176,0.0122,0.0004,0.0016,0.0018,0.0395,8.3493,4.9941,4.9289,0.5338,0.1705,0.2185,1.27196,0.73612,0.32564,0.09204,0.04744,0,0,480,189,200,1004079,427719,515877,13,15,480,1114,1134,6
317,8.12776,3,25.9465,2.252,23.6909,0.0021,23.2833,22.6997,0.351,0.4025,0.0219,8.3969,5.7737,8.3362,0.0503,0.0299,0.0167,0.0008,0.0017,0.0016,0.0629,5.1436,5.8784,5.7604,0.4838,0.1949,0.2264,1.50896,0.76028,0.52308,0.10044,0.05284,0,0,480,189,200,1004079,427719,515877,13,15,480,1114,1134,6
318,8.15018,3,21.8553,2.5479,19.3035,0.0025,18.9859,18.567,0.2476,0.3119,0.0239,4.4031,9.9889,4.033,0.03,0.0202,0.0128,0.0003,0.002,0.0016,0.0457,9.2902,5.3712,5.2975,0.5559,0.1321,0.167,2.42596,0.90064,1.30512,0.09756,0.04904,0,0,480,189,200,1004079,427719,515877,13,15,480,1114,1134,6
319,8.17455,3,23.8654,2.0586,21.803,0.0021,21.4273,20.7359,0.3531,0.3709,0.0224,8.2186,5.9712,6.3904,0.0356,0.0227,0.0148,0.0005,0.0017,0.0016,0.0507,5.355,5.4433,5.3689,0.5068,0.2769,0.3336,1.98808,0.78672,0.3436,0.1046,0.673,0,0,480,189,200,1004079,427719,515877,13,15,480,1114,1134,6
320,8.1964,3,21.3726,2.4213,18.9482,0.0023,18.5262,17.9866,0.2586,0.4167,0.0206,4.3055,7.5831,5.9291,0.0362,0.0265,0.0168,0.0007,0.0018,0.0019,0.0581,6.6755,5.2054,5.1376,0.7008,0.2077,0.2757,1.43108,0.859,0.35448,0.09752,0.04848,0,0,480,189,200,1004079,427719,515877,13,15,480,1114,1134,6
321,8.21817,3,21.3102,2.3374,18.9695,0.0021,18.6425,18.2536,0.222,0.3221,0.0208,5.5962,8.8916,3.6373,0.0281,0.018,0.0113,0.0004,0.0014,0.0014,0.0421,8.2424,5.2945,5.2203,0.5354,0.1239,0.1624,2.21392,1.64216,0.35352,0.09828,0.04832,0,0,480,189,200,1004079,427719,515877,13,15,480,1114,1134,6
322,8.24251,3,23.8509,2.0974,21.7502,0.002,21.2772,20.5843,0.3601,0.4677,0.0322,7.7702,6.1158,6.5064,0.0435,0.0237,0.0148,0.0004,0.0022,0.0021,0.0675,5.4897,5.2296,5.1578,0.4852,0.2616,0.3278,6.12028,5.46712,0.42624,0.10268,0.04988,0,0,480,189,200,1004079,427719,515877,13,15,480,1114,1134,6
323,8.2635,3,20.3701,2.2035,18.1632,0.002,17.8727,17.122,0.4755,0.2856,0.0214,4.4332,6.9903,5.515,0.0394,0.0292,0.0191,0.0007,0.0023,0.002,0.0629,6.2919,5.0807,5.0152,0.5428,0.2126,0.2669,1.9082,1.3358,0.35148,0.098,0.04884,0,0,480,189,200,1004079,427719,515877,13,15,480,1114,1134,6
324,8.28503,3,21.0527,2.0732,18.9758,0.002,18.6216,18.2264,0.2271,0.3491,0.0223,5.8499,8.5993,3.649,0.0231,0.0181,0.0112,0.0004,0.0021,0.0022,0.0429,7.8666,5.1941,5.1237,0.5759,0.1248,0.1637,1.90636,1.33876,0.35084,0.09648,0.04824,0,0,480,189,200,1004079,427719,515877,13,15,480,1114,1134,6
325,8.31099,3,25.4375,2.6517,22.7817,0.0024,22.4851,22.0695,0.2441,0.2911,0.0265,7.6686,6.0026,8.2425,0.0335,0.0221,0.0133,0.0006,0.0019,0.0017,0.0496,5.3994,5.7982,5.7181,0.5398,0.1271,0.1666,1.95564,1.38184,0.35188,0.10052,0.04872,0,0,480,189,200,1004079,427719,515877,13,15,480,1114,1134,6
326,8.33118,3,19.6784,2.3408,17.3308,0.002,17.0196,16.5947,0.2524,0.3061,0.0216,3.9408,8.3534,4.1662,0.0303,0.0193,0.0124,0.0005,0.0013,0.0014,0.0423,7.5352,5.1585,5.0904,0.6422,0.134,0.1684,1.9232,1.37488,0.34152,0.09196,0.04676,0,0,480,189,200,1004079,427719,515877,13,15,480,1114,1134,6
327,8.35381,3,22.1302,2.2669,19.8597,0.0021,19.4036,18.8722,0.2751,0.451,0.0237,7.5881,7.4909,3.6587,0.026,0.0189,0.0113,0.0005,0.0016,0.0016,0.0458,6.6303,5.6576,5.5585,0.5305,0.2086,0.2509,1.32772,0.76372,0.34384,0.0982,0.04908,0,0,480,189,200,1004079,427719,515877,13,15,480,1114,1134,6
328,8.37714,3,22.7091,2.5432,20.1622,0.0023,19.6796,19.1182,0.3906,0.477,0.031,5.8742,5.9476,7.1002,0.041,0.0307,0.018,0.0007,0.0024,0.002,0.0632,5.2806,5.1616,5.0946,0.5379,0.1399,0.1662,4.50596,0.92512,3.35824,0.09956,0.0496,0,0,480,189,200,1004079,427719,515877,13,15,480,1114,1134,6
329,8.39796,3,20.2892,2.4218,17.8626,0.002,17.5222,17.1118,0.2266,0.3353,0.0214,4.0402,7.7152,5.1112,0.0437,0.03,0.0187,0.0006,0.0024,0.0022,0.1203,7.0926,5.1513,5.0855,0.5097,0.1355,0.1792,1.99176,1.40684,0.36104,0.1012,0.04924,0,0,480,189,200,1004079,427719,515877,13,15,480,1114,1134,6
330,8.4187,3,20.2835,2.2168,18.0632,0.0021,17.7169,17.3321,0.2185,0.341,0.0223,6.903,6.6663,3.6361,0.0261,0.0193,0.0108,0.0004,0.0018,0.0013,0.0401,6.0487,5.0197,4.9556,0.5015,0.1238,0.1619,2.02232,1.42472,0.3672,0.10444,0.04952,0,0,480,189,200,1004079,427719,515877,13,15,480,1114,1134,6
331,8.44275,3,23.4328,2.4091,21.0206,0.0021,20.6732,20.107,0.3809,0.3425,0.0245,7.1562,6.0416,6.7583,0.0288,0.0183,0.0228,0.0004,0.0014,0.0013,0.0483,5.425,5.1707,5.1016,0.4997,0.1473,0.1804,2.20764,1.5692,0.38316,0.11532,0.05724,0,0,480,189,200,1004079,427719,515877,13,15,480,1114,1134,6
332,8.46294,3,19.8845,2.4609,17.4197,0.0019,16.8575,16.2507,0.3483,0.5233,0.0214,4.0123,6.5339,5.5107,0.0404,0.0302,0.018,0.0007,0.0023,0.0079,0.0666,5.883,4.9227,4.8629,0.5719,0.1922,0.2532,2.04788,1.4462,0.36428,0.10552,0.05032,0,4e-05,480,189,200,1004079,427719,515877,13,15,480,1114,1134,6
333,8.48362,3,20.4534,2.3433,18.1074,0.0017,17.8221,17.405,0.2466,0.2811,0.0222,4.3573,9.1312,3.7786,0.0324,0.0202,0.0122,0.0006,0.0014,0.0018,0.0421,8.373,5.1223,5.0567,0.5529,0.1293,0.1661,2.05616,0.8104,1.01464,0.10412,0.0498,4e-05,0,480,189,200,1004079,427719,515877,13,15,480,1114,1134,6
334,8.50638,3,22.5697,2.0474,20.5198,0.0019,20.2122,19.6275,0.3624,0.3023,0.0192,8.0927,6.2271,5.1409,0.034,0.0231,0.0148,0.0005,0.002,0.0018,0.0665,5.6055,5.4408,5.3648,0.5169,0.1733,0.2159,1.44032,0.83524,0.36084,0.11176,0.05244,0,0,480,189,200,1004079,427719,515877,13,15,480,1114,1134,6
335,8.52611,3,19.5394,2.2056,17.3309,0.0023,16.9452,16.194,0.4716,0.3802,0.0227,4.4123,5.3716,6.2222,0.0324,0.0273,0.0196,0.0006,0.0016,0.0015,0.0775,4.7944,5.0704,5.0046,0.4376,0.2532,0.2744,1.54388,0.92828,0.37732,0.1076,0.05188,0,0,480,189,200,1004079,427719,515877,13,15,480,1114,1134,6
336,8.54703,3,20.7,2.4042,18.293,0.0022,17.976,17.424,0.3375,0.3115,0.0221,4.2478,7.2523,5.7626,0.0422,0.0217,0.0143,0.0007,0.0025,0.0028,0.0496,6.5353,5.0877,5.0226,0.5734,0.1619,0.2087,2.09644,1.47864,0.3734,0.10732,0.05808,0,0,480,189,200,1004079,427719,515877,13,15,480,1114,1134,6
337,8.56767,3,20.4495,2.042,18.4051,0.0019,18.0412,17.5975,0.2678,0.359,0.0198,4.0165,9.7127,3.7373,0.0272,0.0191,0.013,0.0005,0.0017,0.0014,0.0436,9.0058,5.3422,5.2697,0.6473,0.1391,0.1712,2.05676,1.4414,0.37904,0.10632,0.0508,0,0,480,189,200,1004079,427719,515877,13,15,480,1114,1134,6
338,8.58875,3,20.8862,2.5334,18.3497,0.0023,17.9669,17.3035,0.3337,0.3768,0.0251,7.5633,5.6446,3.938,0.0309,0.0223,0.0229,0.0005,0.002,0.0017,0.047,5.0395,5.1558,5.088,0.4549,0.2783,0.3244,2.2048,0.86568,1.086,0.1154,0.05344,0,0,480,189,200,1004079,427719,515877,13,15,480,1114,1134,6
339,8.61157,3,22.5637,2.4002,20.1601,0.0026,19.7871,19.0116,0.3744,0.3675,0.0291,5.9858,6.0427,6.8339,0.0301,0.019,0.019,0.0007,0.0013,0.0019,0.0428,5.3886,5.219,5.15,0.5431,0.257,0.3941,3.72188,3.08424,0.39352,0.11096,0.05396,0,0,480,189,200,1004079,427719,515877,13,15,480,1114,1134,6
340,8.6316,3,19.8473,2.3106,17.534,0.002,17.2563,16.7277,0.3025,0.2727,0.021,3.9241,8.2827,4.3625,0.0337,0.0247,0.0161,0.0007,0.0022,0.0018,0.0522,7.5807,5.2004,5.1312,0.5812,0.1636,0.2206,2.1638,1.55724,0.37284,0.10616,0.05068,0,0,480,189,200,1004079,427719,515877,13,15,480,1114,1134,6
341,8.65312,3,21.2797,2.2626,19.0139,0.0023,18.6555,18.1851,0.2852,0.3528,0.0269,6.0819,8.1127,3.847,0.0307,0.0197,0.0119,0.0006,0.0015,0.0013,0.0455,7.4121,5.3872,5.3146,0.5242,0.1371,0.1797,1.44052,0.8358,0.36204,0.11088,0.05248,0,0,480,189,200,1004079,427719,515877,13,15,480,1114,1134,6
342,8.67709,3,23.7504,2.4058,21.3411,0.0023,20.9839,20.4945,0.2991,0.3516,0.0238,7.0111,5.9919,7.3434,0.0343,0.0201,0.0129,0.0006,0.0015,0.0019,0.0477,5.3261,5.7994,5.7078,0.522,0.1437,0.1854,4.58448,3.95656,0.37436,0.11348,0.0528,0,4e-05,480,189,200,1004079,427719,515877,13,15,480,1114,1134,6
343,8.69848,3,21.0791,2.6908,18.385,0.0023,18.0592,17.6255,0.2528,0.3203,0.023,4.0868,7.8919,5.5153,0.0281,0.0182,0.0112,0.0005,0.0015,0.0017,0.0426,7.0201,5.2287,5.1656,0.6732,0.1386,0.1754,2.1244,1.502,0.37748,0.11168,0.0526,0,0,480,189,200,1004079,427719,515877,13,15,480,1114,1134,6
344,8.71933,3,20.625,2.5248,18.0967,0.0026,17.8148,17.4013,0.2453,0.2766,0.0264,6.8461,6.7913,3.6346,0.0274,0.0175,0.011,0.0005,0.0015,0.0013,0.0383,6.157,5.4447,5.3721,0.4775,0.1255,0.163,1.5846,0.96724,0.37848,0.10916,0.05104,0,0,480,189,200,1004079,427719,515877,13,15,480,1114,1134,6
345,8.74506,3,25.5381,2.3885,23.1467,0.0024,22.7575,22.3385,0.2469,0.3832,0.0268,8.0492,5.9472,8.1185,0.1105,0.021,0.0123,0.0005,0.0015,0.0018,0.0433,5.2973,5.8308,5.7366,0.5154,0.1296,0.1673,2.28908,1.62552,0.40064,0.1212,0.0554,0,0,480,189,200,1004079,427719,515877,13,15,480,1114,1134,6
346,8.76628,3,20.6588,2.5671,18.088,0.0024,17.7076,17.2047,0.3289,0.3748,0.0252,4.3447,8.5533,4.1452,0.0357,0.0222,0.0155,0.0005,0.0032,0.002,0.0514,7.9405,5.496,5.4206,0.4961,0.1328,0.1692,2.1758,1.5502,0.37948,0.11252,0.05304,0,0,480,189,200,1004079,427719,515877,13,15,480,1114,1134,6
347,8.78782,3,21.0061,2.9533,18.0489,0.0025,17.761,17.2698,0.314,0.2828,0.0258,7.6729,5.7863,3.6764,0.0267,0.019,0.0118,0.0005,0.0015,0.0015,0.0427,5.1666,5.3723,5.3007,0.4698,0.1368,0.1714,1.59448,0.84904,0.37104,0.11336,0.057,0,0,480,189,200,1004079,427719,515877,13,15,480,1114,1134,6
348,8.81105,3,22.7379,2.5379,20.1964,0.0022,19.8154,19.387,0.2354,0.376,0.0273,6.1824,6.0325,7.0317,0.0308,0.0188,0.0115,0.0005,0.0014,0.0016,0.0432,5.3322,5.1867,5.1186,0.5396,0.1489,0.1888,4.46552,0.92016,3.2778,0.1202,0.055,0,0,480,189,200,1004079,427719,515877,13,15,480,1114,1134,6
349,8.83089,3,19.2222,2.3138,16.9049,0.002,16.5774,15.8762,0.3843,0.3224,0.0222,3.9186,6.7247,5.0736,0.0322,0.0184,0.0153,0.0008,0.0021,0.0019,0.0611,6.0345,4.7951,4.7364,0.5576,0.2378,0.3033,2.15576,1.52108,0.38512,0.11404,0.05336,0,0,480,189,200,1004079,427719,515877,13,15,480,1114,1134,6
350,8.85283,3,21.4647,2.6249,18.8361,0.0022,18.5078,18.0561,0.2618,0.3231,0.0251,5.3055,8.8566,3.7427,0.0332,0.0223,0.0135,0.0009,0.0016,0.0016,0.0473,8.1711,5.1133,5.0481,0.5055,0.1386,0.1853,2.35364,1.70588,0.3922,0.11808,0.05396,0,0,480,189,200,1004079,427719,515877,13,15,480,1114,1134,6
351,8.87735,3,24.0695,2.824,21.2421,0.0022,20.9247,20.3935,0.3433,0.3125,0.0247,7.3018,5.8532,7.0652,0.042,0.0306,0.0188,0.0008,0.002,0.0022,0.0461,5.1832,5.1207,5.0547,0.4919,0.1587,0.1825,2.32364,1.68088,0.38268,0.11696,0.05384,4e-05,0,480,189,200,1004079,427719,515877,13,15,480,1114,1134,6
352,8.89896,3,21.0404,2.5548,18.4822,0.002,18.0874,17.642,0.2694,0.3902,0.0214,4.1963,7.6214,5.6859,0.0329,0.0194,0.0122,0.0005,0.0016,0.0014,0.0431,6.9023,5.2608,5.1833,0.6333,0.1327,0.1712,2.15056,1.52124,0.37672,0.11228,0.05256,0,0,480,189,200,1004079,427719,515877,13,15,480,1114,1134,6
353,8.9203,3,20.8207,2.6436,18.1729,0.0021,17.8275,17.3619,0.2937,0.3406,0.0237,7.0098,6.5851,3.6319,0.0296,0.0192,0.0116,0.0005,0.0014,0.0012,0.0422,5.918,5.0135,4.951,0.5434,0.1318,0.1672,2.04604,1.42972,0.37784,0.10824,0.05088,0,0,480,189,200,1004079,427719,515877,13,15,480,1114,1134,6
354,8.94723,3,26.3798,2.6979,23.6785,0.0023,23.2733,22.4062,0.4886,0.4,0.0422,7.4613,7.0505,7.6967,0.0377,0.0224,0.0148,0.0004,0.0016,0.0022,0.0695,6.2235,5.2912,5.2138,0.7434,0.3365,0.3725,2.38352,1.722,0.3992,0.12096,0.05532,0,0,480,189,200,1004079,427719,515877,13,15,480,1114,1134,6
355,8.96988,3,22.0418,2.5023,19.5352,0.0024,19.1777,18.7551,0.2512,0.352,0.0266,5.446,9.4369,3.7298,0.0293,0.0185,0.0119,0.0005,0.0014,0.0016,0.0468,8.7246,5.3655,5.2919,0.5784,0.1299,0.1666,2.22848,1.60324,0.38396,0.11068,0.05152,0,0,480,189,200,1004079,427719,515877,13,15,480,1114,1134,6
356,8.99616,3,25.7475,2.7406,23.0026,0.0025,22.6187,22.0762,0.3594,0.378,0.03,8.3488,5.8731,7.6894,0.0376,0.0246,0.0145,0.0005,0.0019,0.0017,0.0486,5.2116,5.5924,5.4991,0.516,0.1468,0.1774,1.73008,0.86416,0.55988,0.11724,0.05812,0,0,480,189,200,1004079,427719,515877,13,15,480,1114,1134,6
357,9.01825,3,21.5731,2.8018,18.7674,0.0026,18.4813,18.078,0.2347,0.281,0.0288,4.1621,9.9041,3.8718,0.0259,0.0191,0.0134,0.0004,0.0015,0.0016,0.0438,9.2575,5.0941,5.0294,0.5302,0.1277,0.1635,2.00952,1.41488,0.36396,0.1042,0.05072,0,0,480,189,200,1004079,427719,515877,13,15,480,1114,1134,6
358,9.04283,3,24.1336,2.5348,21.5955,0.002,21.164,20.6266,0.2966,0.4264,0.0214,7.8192,6.0299,6.6386,0.0324,0.0194,0.0126,0.0005,0.0016,0.0015,0.044,5.3879,5.4299,5.3529,0.4975,0.2018,0.2363,1.38712,0.7956,0.35612,0.10692,0.05088,0,0,480,189,200,1004079,427719,515877,13,15,480,1114,1134,6
359,9.06418,3,20.7696,2.768,17.9975,0.002,17.6701,17.2637,0.2281,0.3223,0.0212,4.0717,7.3518,5.7101,0.0281,0.0186,0.0117,0.0004,0.0015,0.0013,0.0426,6.663,5.0846,5.0235,0.5699,0.1299,0.1738,1.50844,0.91428,0.3648,0.10296,0.05044,0,0,480,189,200,1004079,427719,515877,13,15,480,1114,1134,6
360,9.08473,3,19.9126,2.6711,17.2383,0.0022,16.9274,16.5323,0.2277,0.3058,0.0231,4.756,8.0142,3.6329,0.0244,0.0181,0.0125,0.0004,0.0014,0.0016,0.0429,7.322,5.4542,5.3826,0.5789,0.1267,0.1634,2.11312,1.51808,0.37124,0.10148,0.04912,0,0,480,189,200,1004079,427719,515877,13,15,480,1114,1134,6
361,9.11049,3,25.3257,2.3441,22.9774,0.0021,22.6432,22.2394,0.2333,0.3289,0.0253,7.9712,6.8805,7.1956,0.0355,0.0227,0.0131,0.0005,0.0018,0.0015,0.0864,6.1655,5.7003,5.6141,0.6719,0.1277,0.1662,1.48956,0.86516,0.37084,0.11744,0.05356,0,0,480,189,200,1004079,427719,515877,13,15,480,1114,1134,6
362,9.12982,3,18.8086,2.72,16.0851,0.0021,15.7651,15.1015,0.4203,0.3153,0.0243,4.0676,6.8239,4.0219,0.0402,0.0293,0.0191,0.0007,0.0023,0.0024,0.0633,6.0946,4.9718,4.9055,0.5756,0.2069,0.2389,2.05348,1.44424,0.37348,0.10756,0.0512,0,0,480,189,200,1004079,427719,515877,13,15,480,1114,1134,6
363,9.14719,3,16.8895,2.6089,14.2769,0.0027,14.0092,13.4023,0.3627,0.2618,0.0265,3.0049,4.8755,5.3186,0.0423,0.032,0.0206,0.0008,0.0029,0.0025,0.0684,4.3759,3.6037,3.553,0.249,0.1788,0.2391,2.03616,1.43656,0.33316,0.1168,0.06228,4e-05,0,316,159,96,639778,403747,199520,9,11,316,494,514,6
364,9.16218,3,14.5069,2.2318,12.2715,0.002,11.9967,11.5452,0.26,0.2698,0.0227,2.7019,4.227,4.4875,0.0267,0.0179,0.0114,0.0005,0.0016,0.0017,0.0415,3.6939,3.1978,3.1585,0.2575,0.1503,0.1871,2.346,1.84944,0.24044,0.11232,0.06108,0,0,316,159,96,639778,403747,199520,9,11,316,494,514,6
365,9.17726,3,14.5825,2.5371,12.0423,0.0021,11.8096,11.0169,0.4581,0.228,0.0209,2.6866,4.0599,4.0574,0.0364,0.0303,0.0193,0.0011,0.0026,0.002,0.0942,3.459,3.2756,3.2327,0.2884,0.2488,0.3295,2.21376,1.73272,0.23688,0.10636,0.05924,0,0,316,159,96,639778,403747,199520,9,11,316,494,514,6
366,9.19061,3,12.8987,2.4312,10.464,0.0021,10.0968,9.4191,0.3713,0.3616,0.0211,2.6731,3.3034,3.3093,0.0372,0.018,0.0112,0.0005,0.0015,0.0017,0.0384,2.8519,3.095,3.0585,0.1864,0.2669,0.3014,2.18528,1.71088,0.2324,0.10508,0.05884,4e-05,0,316,159,96,639778,403747,199520,9,11,316,494,514,6
367,9.20537,3,14.0786,2.5048,11.57,0.0021,11.2257,10.6417,0.2667,0.3392,0.0256,4.3203,3.7163,2.4717,0.0279,0.0183,0.0117,0.0005,0.0016,0.0015,0.0413,3.234,3.4586,3.4026,0.2254,0.2451,0.3118,4.51744,4.02024,0.2374,0.11356,0.06208,0,0,316,159,96,639778,403747,199520,9,11,316,494,514,6
368,9.21985,3,14.1582,3.5586,10.5969,0.0019,10.3779,10.0046,0.2078,0.2146,0.0203,4.1082,3.3692,2.4139,0.0198,0.0173,0.0114,0.0004,0.0012,0.0013,0.0376,2.9028,3.1146,3.0779,0.1969,0.1185,0.1618,4.5544,3.9934,0.30404,0.11168,0.06136,0,0,316,159,96,639778,403747,199520,9,11,316,494,514,6
369,9.23416,3,14.0286,2.4661,11.5597,0.0022,11.299,10.8835,0.2455,0.2553,0.0246,4.4997,3.9014,2.3578,0.0223,0.0174,0.0125,0.0005,0.0017,0.0015,0.0402,3.3543,3.312,3.2681,0.2287,0.1388,0.165,3.64452,2.43468,0.22588,0.10124,0.73696,0,0,316,159,96,639778,403747,199520,9,11,316,494,514,6
370,9.25034,3,15.9607,2.2078,13.7502,0.002,13.5011,13.1077,0.2192,0.2442,0.0212,4.2268,6.3931,2.3666,0.0229,0.0194,0.0116,0.0004,0.0015,0.0016,0.0386,5.8775,3.3735,3.3328,0.2506,0.1293,0.1699,1.72828,1.0694,0.22504,0.10592,0.0616,0,0,316,159,96,639778,403747,199520,9,11,316,494,514,6
371,9.26593,3,15.4146,2.1452,13.2665,0.0021,12.9066,12.2668,0.4271,0.3549,0.0201,2.8579,6.7255,2.4963,0.0345,0.0278,0.0182,0.0006,0.0022,0.0023,0.0758,6.154,3.4604,3.4147,0.2508,0.1455,0.2079,1.50216,1.06256,0.20452,0.10208,0.05772,0,0,316,159,96,639778,403747,199520,9,11,316,494,514,6
372,9.28134,3,14.8731,2.0697,12.7998,0.0023,12.5406,12.1189,0.2476,0.2538,0.0238,3.3632,6.0874,2.5296,0.0296,0.0197,0.0133,0.0008,0.0015,0.0015,0.0432,5.448,3.9229,3.8654,0.3463,0.1306,0.1695,1.82716,1.3688,0.2252,0.1008,0.05756,0,0,316,159,96,639778,403747,199520,9,11,316,494,514,6
373,9.29691,3,15.1722,2.1269,13.0416,0.0022,12.7654,12.3318,0.2627,0.2709,0.0223,2.6675,4.3627,5.1158,0.0437,0.0303,0.0184,0.0007,0.0022,0.002,0.0599,3.8312,3.2386,3.1959,0.2333,0.1322,0.166,1.53868,1.0836,0.21056,0.10676,0.0594,0,0,316,159,96,639778,403747,199520,9,11,316,494,514,6
374,9.31261,3,15.2675,2.4852,12.7791,0.0021,12.515,11.9609,0.3405,0.2591,0.0236,2.7574,4.7734,4.2968,0.029,0.0193,0.0122,0.0006,0.0018,0.0012,0.0407,4.2477,3.402,3.3566,0.2412,0.1521,0.2087,2.2128,1.73328,0.23252,0.10752,0.05936,0,0,316,159,96,639778,403747,199520,9,11,316,494,514,6
375,9.32698,3,13.9408,2.5295,11.408,0.0022,11.1092,10.5527,0.3104,0.2936,0.0222,2.7353,3.4806,4.1542,0.0393,0.0277,0.023,0.0007,0.0025,0.0022,0.0589,3.0081,3.4366,3.3942,0.2056,0.17,0.2409,2.17108,1.69512,0.23688,0.10332,0.0586,0,0,316,159,96,639778,403747,199520,9,11,316,494,514,6
376,9.34335,3,15.8649,2.8434,13.0177,0.0022,12.6429,11.9632,0.4481,0.3694,0.0259,3.0866,3.8567,4.8255,0.0392,0.0334,0.0163,0.0007,0.0019,0.0021,0.0688,3.3453,3.6656,3.6121,0.2571,0.1811,0.2259,2.30332,1.80628,0.24,0.11224,0.06284,0,4e-05,316,159,96,639778,403747,199520,9,11,316,494,514,6
377,9.35746,3,13.3803,2.5245,10.8521,0.0021,10.5584,10.0288,0.2734,0.2886,0.0211,3.0805,3.5386,3.2091,0.0315,0.0327,0.0179,0.0006,0.0025,0.0021,0.0871,3.0681,3.3683,3.3277,0.2105,0.1859,0.25,2.71668,2.20312,0.25044,0.11584,0.06244,0,0,316,159,96,639778,403747,199520,9,11,316,494,514,6
378,9.37132,3,13.4022,2.2779,11.1212,0.002,10.7702,10.2114,0.3378,0.3461,0.0232,3.3391,3.432,3.258,0.0366,0.0296,0.0179,0.0007,0.0028,0.0034,0.0617,2.9592,3.8382,3.7294,0.2072,0.1541,0.2154,1.82136,1.20392,0.36076,0.11216,0.06148,0,0,316,159,96,639778,403747,199520,9,11,316,494,514,6
379,9.38549,3,13.6809,2.2978,11.38,0.0022,11.152,10.7702,0.2121,0.2235,0.0211,4.701,3.5974,2.3554,0.0209,0.0172,0.0115,0.0004,0.0014,0.0013,0.0382,3.1209,3.5108,3.4618,0.2039,0.1208,0.1656,2.52724,2.01276,0.246,0.11844,0.06376,4e-05,0,316,159,96,639778,403747,199520,9,11,316,494,514,6
380,9.40253,3,16.5965,1.8933,14.7,0.0021,14.4269,13.8355,0.3287,0.2679,0.0208,6.1954,4.6638,2.8073,0.033,0.0269,0.0173,0.0006,0.0022,0.0022,0.0599,4.0451,3.9226,3.8603,0.3358,0.1946,0.2573,1.66592,1.17016,0.2272,0.11816,0.06308,0,0,316,159,96,639778,403747,199520,9,11,316,494,514,6
381,9.41954,3,16.7208,2.2053,14.5119,0.0022,14.2691,13.8724,0.2235,0.2376,0.0222,5.7541,5.4274,2.567,0.0226,0.0179,0.0114,0.0005,0.0018,0.0017,0.0413,4.8881,3.7409,3.6858,0.2472,0.1265,0.1686,2.43048,1.193,0.23992,0.11856,0.7846,0,4e-05,316,159,96,639778,403747,199520,9,11,316,494,514,6
382,9.4352,3,15.1845,2.5149,12.6662,0.0022,12.398,11.9124,0.2947,0.2634,0.0211,4.6669,4.6717,2.4449,0.026,0.0183,0.012,0.0004,0.0017,0.0015,0.0433,3.9472,3.6492,3.5966,0.3366,0.1554,0.186,2.25204,1.1012,0.21188,0.10936,0.0596,4e-05,0,316,159,96,639778,403747,199520,9,11,316,494,514,6
383,9.45308,3,17.5276,2.4221,15.1018,0.0025,14.8539,14.4592,0.23,0.243,0.0239,5.995,5.3548,2.9825,0.0251,0.0175,0.0115,0.0005,0.0013,0.0014,0.0402,4.7008,4.8756,4.7987,0.3299,0.1239,0.1602,2.38888,1.19112,0.92676,0.11732,0.06748,0,0,316,159,96,639778,403747,199520,9,11,316,494,514,6
384,9.46869,3,15.3498,2.3011,13.0456,0.0027,12.8126,12.4226,0.2219,0.2275,0.0269,5.5815,4.2944,2.4187,0.0265,0.0173,0.0106,0.0004,0.0013,0.0014,0.0387,3.7149,3.4446,3.4002,0.241,0.1232,0.1635,2.45856,1.93132,0.25788,0.11876,0.06384,4e-05,0,316,159,96,639778,403747,199520,9,11,316,494,514,6
385,9.48394,3,15.0504,2.6334,12.4138,0.0021,12.1132,11.7142,0.2303,0.2957,0.028,4.5485,4.6527,2.3821,0.0282,0.0178,0.0104,0.0005,0.0013,0.0011,0.0388,4.0201,3.6089,3.5511,0.3072,0.126,0.1641,1.662,1.1736,0.22416,0.11696,0.06264,0,0,316,159,96,639778,403747,199520,9,11,316,494,514,6
386,9.49987,3,15.7559,2,13.7535,0.0019,13.5078,13.0968,0.2381,0.241,0.0203,3.4401,6.6764,2.852,0.0313,0.0186,0.011,0.0005,0.0014,0.0018,0.0391,6.0724,3.6151,3.5584,0.31,0.1329,0.1687,1.62224,1.14112,0.22216,0.1136,0.06136,0,0,316,159,96,639778,403747,199520,9,11,316,494,514,6
387,9.51565,3,15.5964,2.0945,13.4997,0.0021,13.2358,12.701,0.3103,0.2589,0.0217,3.1501,6.5801,2.8155,0.0312,0.025,0.0159,0.0005,0.0022,0.0021,0.0505,5.9731,3.8024,3.7374,0.3908,0.1696,0.2195,1.69504,1.11152,0.21312,0.108,0.16536,0,0,316,159,96,639778,403747,199520,9,11,316,494,514,6
388,9.53043,3,14.329,2.2479,12.0782,0.0017,11.8049,11.3572,0.2744,0.2691,0.0197,2.6275,4.9878,3.6255,0.0249,0.017,0.0108,0.0005,0.0016,0.0013,0.0363,4.4422,3.1988,3.1582,0.2525,0.1261,0.1693,1.58996,1.12312,0.22768,0.10372,0.058,0,0,316,159,96,639778,403747,199520,9,11,316,494,514,6
389,9.54489,3,14.2813,2.3452,11.9335,0.0021,11.701,11.2946,0.2265,0.2276,0.0203,2.7716,4.8359,3.5361,0.0382,0.0216,0.0119,0.0005,0.0021,0.002,0.049,4.3207,3.4803,3.4332,0.259,0.1326,0.1747,1.71304,1.10608,0.30036,0.1068,0.10192,4e-05,0,316,159,96,639778,403747,199520,9,11,316,494,514,6
390,9.55656,3,11.4825,2.2449,9.2348,0.0023,8.9253,8.4506,0.3039,0.3034,0.0224,2.662,3.2695,2.3583,0.0291,0.0192,0.0173,0.0007,0.0024,0.0017,0.0629,2.8262,3.0974,3.0616,0.1778,0.1317,0.1653,1.70804,1.264,0.21648,0.098,0.05656,0,0,316,159,96,639778,403747,199520,9,11,316,494,514,6
391,9.5737,3,16.845,2.4267,14.4152,0.0021,14.0721,13.2004,0.4623,0.3379,0.0203,6.3178,3.8798,2.8417,0.0341,0.0263,0.0158,0.0005,0.0026,0.0018,0.0541,3.4172,3.4472,3.4023,0.2048,0.3365,0.4035,2.546,2.01976,0.2546,0.11952,0.06416,0,0,317,159,97,645630,403747,205372,9,11,317,501,521,6
392,9.58567,3,11.5589,2.4036,9.1518,0.002,8.8988,8.5186,0.2095,0.248,0.0217,2.7298,3.3563,2.3259,0.0187,0.0154,0.01,0.0003,0.0012,0.0015,0.0345,2.8994,3.077,3.0399,0.1807,0.1244,0.1665,1.6738,1.19708,0.23372,0.105,0.05876,0,0,317,159,97,645630,403747,205372,9,11,317,501,521,6
393,9.60171,3,15.7609,2.143,13.615,0.002,13.4012,12.9996,0.2336,0.2095,0.0204,6.5023,3.6898,2.69,0.0251,0.0162,0.0098,0.0004,0.0016,0.0016,0.0376,3.2084,3.4229,3.3772,0.1988,0.1213,0.1637,1.59204,1.12172,0.2212,0.1096,0.05956,0,0,317,159,97,645630,403747,205372,9,11,317,501,521,6
394,9.61778,3,15.8891,2.84,13.0466,0.0025,12.7555,12.356,0.2303,0.2856,0.0253,5.5185,4.3694,2.3501,0.0211,0.0159,0.0107,0.0004,0.0017,0.0015,0.0369,3.8802,3.4918,3.4363,0.2326,0.1299,0.165,1.55708,1.09324,0.21744,0.10708,0.05984,4e-05,0,317,159,97,645630,403747,205372,9,11,317,501,521,6
395,9.63404,3,15.6701,2.2385,13.4277,0.002,13.1396,12.722,0.242,0.2829,0.021,3.9144,5.8445,2.837,0.0281,0.0176,0.0114,0.0006,0.0014,0.0013,0.0403,5.2598,3.5524,3.4974,0.2891,0.1348,0.1707,1.55988,1.09628,0.21904,0.10708,0.05948,0,0,317,159,97,645630,403747,205372,9,11,317,501,521,6
396,9.64853,3,14.0199,2.2885,11.7284,0.002,11.4998,11.1218,0.2127,0.224,0.0219,4.0272,4.6468,2.3334,0.02,0.0171,0.0107,0.0004,0.0021,0.0014,0.0367,4.0878,3.3198,3.2751,0.2328,0.1223,0.1613,1.5072,1.05984,0.21076,0.10144,0.058,0,0,317,159,97,645630,403747,205372,9,11,317,501,521,6
397,9.66437,3,15.4268,2.1228,13.3006,0.002,13.0819,12.6201,0.2474,0.2143,0.0202,2.6623,4.5222,5.3064,0.0283,0.0256,0.0107,0.0006,0.0014,0.0012,0.0369,3.9795,3.2019,3.1618,0.2448,0.1553,0.2096,1.8224,1.12732,0.37404,0.10908,0.11064,0,0,317,159,97,645630,403747,205372,9,11,317,501,521,6
398,9.67899,3,14.0493,2.6023,11.4438,0.0021,11.1671,10.7654,0.2221,0.2719,0.0201,2.7199,5.0873,2.717,0.0688,0.0193,0.0128,0.0004,0.0017,0.0013,0.1119,4.5118,3.2266,3.1866,0.2544,0.1359,0.1743,2.41068,1.19308,0.96352,0.11132,0.06124,0,0,317,159,97,645630,403747,205372,9,11,317,501,521,6
399,9.69087,3,11.4335,2.2505,9.1799,0.0021,8.9439,8.5034,0.2712,0.2312,0.0207,2.6333,3.3051,2.4326,0.0335,0.0229,0.0108,0.0006,0.0021,0.0015,0.0362,2.8528,3.1146,3.0769,0.1835,0.1246,0.1651,1.48904,1.047,0.20988,0.09944,0.0574,4e-05,0,317,159,97,645630,403747,205372,9,11,317,501,521,6
400,9.70821,3,16.6252,2.481,14.1409,0.0023,13.7879,12.9307,0.5493,0.3481,0.0202,5.8588,3.6042,3.2191,0.0412,0.0293,0.0174,0.0005,0.0016,0.0015,0.1311,3.0981,3.5499,3.4953,0.2099,0.2947,0.3024,2.57752,2.02388,0.27172,0.12532,0.06596,0,0,317,159,97,645630,403747,205372,9,11,317,501,521,6
401,9.72155,3,12.7956,2.7367,10.0549,0.0021,9.7161,9.3352,0.2089,0.3338,0.0203,3.4772,3.4178,2.3296,0.0198,0.017,0.0106,0.0004,0.0014,0.0011,0.0359,2.9571,3.2075,3.1669,0.1987,0.1262,0.1671,3.39112,2.89516,0.2436,0.10948,0.06072,0,4e-05,317,159,97,645630,403747,205372,9,11,317,501,521,6
402,9.7385,3,16.3114,2.3717,13.9362,0.0021,13.5133,12.9844,0.2805,0.4174,0.0252,5.9426,4.4677,2.4359,0.0286,0.0245,0.0118,0.0006,0.0016,0.0014,0.0397,3.9587,3.3646,3.3176,0.2442,0.1782,0.2421,2.52912,2.00804,0.25352,0.11724,0.06368,0,0,317,159,97,645630,403747,205372,9,11,317,501,521,6
403,9.75314,3,13.8461,2.7063,11.1369,0.0023,10.9184,10.5392,0.2106,0.2135,0.0242,4.6147,3.3701,2.4313,0.0263,0.0176,0.0107,0.0005,0.0013,0.0013,0.037,2.9015,3.4278,3.3775,0.1916,0.1216,0.1647,2.21964,1.73592,0.23864,0.10652,0.05896,0,0,317,159,97,645630,403747,205372,9,11,317,501,521,6
404,9.76864,3,15.0731,2.2567,12.8133,0.0019,12.5951,12.1624,0.2647,0.2138,0.0203,4.2293,5.0278,2.7697,0.0297,0.0218,0.0129,0.0006,0.0014,0.002,0.0421,4.56,3.4127,3.3597,0.2028,0.126,0.1632,1.87216,1.2214,0.24088,0.12524,0.19316,0,0,317,159,97,645630,403747,205372,9,11,317,501,521,6
405,9.78395,3,14.8308,2.248,12.5796,0.002,12.3792,12.0076,0.2057,0.1959,0.0207,4.3405,5.1951,2.3616,0.0194,0.017,0.0099,0.0004,0.0015,0.0014,0.0361,4.7036,3.4149,3.3694,0.2133,0.1192,0.1618,1.75316,1.1112,0.31912,0.10896,0.11272,0,0,317,159,97,645630,403747,205372,9,11,317,501,521,6
406,9.79824,3,13.8609,2.0989,11.758,0.0018,11.5196,11.1389,0.2133,0.2339,0.0192,2.6845,5.5094,2.83,0.0254,0.017,0.0103,0.0004,0.0015,0.0013,0.0358,4.9542,3.385,3.3386,0.2701,0.122,0.1631,1.51824,1.0678,0.21276,0.10268,0.05812,0,0,317,159,97,645630,403747,205372,9,11,317,501,521,6
407,9.81381,3,15.1142,2.146,12.9648,0.0023,12.7373,12.349,0.2209,0.2223,0.0248,3.1743,5.4226,3.6305,0.0224,0.0174,0.0107,0.0004,0.0011,0.0013,0.0383,4.7751,3.5221,3.4776,0.3179,0.1252,0.1629,1.57,1.10388,0.21844,0.10808,0.05968,0,0,318,159,98,645648,403747,205390,9,11,318,508,528,6
408,9.82889,3,14.6369,2.3501,12.2831,0.002,11.9954,11.4617,0.3118,0.2826,0.0196,2.7612,3.3729,5.168,0.0262,0.0194,0.0107,0.0005,0.0018,0.0012,0.0761,2.9216,3.4375,3.391,0.1946,0.1948,0.2181,2.1502,1.68736,0.22952,0.10016,0.05716,0,0,318,159,98,645648,403747,205390,9,11,318,508,528,6
409,9.84494,3,15.5941,3.0366,12.5539,0.0023,12.2705,11.5497,0.4696,0.2779,0.023,2.8132,3.9882,4.5533,0.0417,0.0391,0.0196,0.0008,0.0025,0.002,0.0584,3.407,3.445,3.3943,0.251,0.225,0.2457,2.13052,1.65856,0.23308,0.1024,0.05812,0,0,318,159,98,645648,403747,205390,9,11,318,508,528,6
410,9.85727,3,11.8256,2.184,9.6377,0.0019,9.26,8.807,0.2286,0.3724,0.0207,2.6932,3.6251,2.374,0.0202,0.0187,0.0104,0.0003,0.0019,0.0013,0.037,3.0684,3.1256,3.089,0.2577,0.1604,0.2194,1.809,1.34092,0.2342,0.10084,0.05736,0,0,318,159,98,645648,403747,205390,9,11,318,508,528,6
411,9.87216,3,14.3479,2.3222,12.0223,0.002,11.7639,11.1929,0.3128,0.2533,0.0205,4.3903,3.79,2.8507,0.0329,0.0247,0.0145,0.0006,0.0022,0.0017,0.0588,3.2859,3.4762,3.4279,0.2006,0.1944,0.2529,4.44144,3.91572,0.25652,0.11752,0.06336,0,0,318,159,98,645648,403747,205390,9,11,318,508,528,6
412,9.88611,3,13.3954,2.5359,10.8561,0.0023,10.6345,10.2592,0.2107,0.2164,0.0254,4.2234,3.5711,2.348,0.0204,0.0165,0.01,0.0003,0.0014,0.0015,0.0367,3.0836,3.2768,3.2354,0.202,0.12,0.1604,2.50184,1.97664,0.25972,0.11628,0.06288,0,0,318,159,98,645648,403747,205390,9,11,318,508,528,6
413,9.90214,3,15.6139,2.1486,13.4616,0.0019,13.1931,12.8005,0.2218,0.2635,0.0198,4.0694,5.8765,2.7218,0.0271,0.0199,0.0147,0.0004,0.0018,0.002,0.0427,5.268,3.759,3.7081,0.2885,0.1241,0.1659,1.75428,1.22992,0.24632,0.12208,0.065,0,0,318,159,98,645648,403747,205390,9,11,318,508,528,6
414,9.91752,3,14.9209,2.1156,12.8022,0.002,12.6016,12.2252,0.2118,0.1958,0.0203,4.0654,5.4564,2.5673,0.0268,0.0207,0.0136,0.0005,0.0023,0.0024,0.045,4.9788,3.4321,3.3871,0.2416,0.1202,0.1606,1.66112,1.1626,0.23284,0.11568,0.0632,0,0,318,159,98,645648,403747,205390,9,11,318,508,528,6
415,9.93315,3,15.2387,2.0947,13.1405,0.0023,12.8894,12.4813,0.2341,0.2459,0.0223,2.7367,6.2652,3.3561,0.0235,0.0208,0.0113,0.0004,0.0017,0.0011,0.0376,5.7658,3.3163,3.2724,0.2355,0.141,0.1693,1.5746,1.10384,0.2254,0.10576,0.05916,0,0,318,159,98,645648,403747,205390,9,11,318,508,528,6
416,9.94825,3,14.5665,2.323,12.2402,0.002,12.0119,11.5851,0.2553,0.2238,0.0202,2.9917,5.7011,2.7587,0.0297,0.0184,0.0121,0.0006,0.0018,0.0019,0.0445,5.0894,3.6619,3.6181,0.2867,0.1329,0.1669,2.25576,1.07368,0.2336,0.10788,0.06012,0,0,318,159,98,645648,403747,205390,9,11,318,508,528,6
417,12.4793,3,2530.84,2.3757,2528.46,0.0024,2527.97,2527.42,0.2981,0.4868,0.0226,2.997,2521.51,2.7384,0.0402,0.0248,0.0178,0.0005,0.0018,0.0019,0.0565,2520.87,3.6002,3.5558,0.2801,0.1719,0.244,2.1674,1.68712,0.23992,0.10304,0.05816,0,4e-05,318,159,98,645648,403747,205390,9,11,318,508,528,6
418,12.4931,3,13.5264,2.6849,10.8379,0.0027,10.5227,10.0461,0.2965,0.3099,0.0267,3.3637,3.7701,2.7659,0.0321,0.0214,0.0125,0.0006,0.0018,0.0015,0.0439,3.2568,3.7202,3.666,0.2435,0.1337,0.1749,2.00072,1.40644,0.29184,0.13184,0.06968,0,0,318,159,98,645648,403747,205390,9,11,318,508,528,6
419,12.5133,3,18.8762,3.8712,14.9997,0.0029,14.5767,13.8762,0.4307,0.4167,0.034,6.0941,4.4939,2.9371,0.072,0.071,0.053,0.0012,0.0045,0.003,0.0982,3.829,3.9011,3.8385,0.3324,0.2155,0.2625,3.13868,2.53128,0.30732,0.1334,0.06868,0,0,322,159,102,681653,403747,241395,9,11,322,536,556,6
420,12.5308,3,17.158,3.1559,13.9978,0.0028,13.6884,13.1428,0.3456,0.3036,0.0286,5.1709,4.9183,2.8843,0.0363,0.0229,0.0145,0.0006,0.0018,0.0017,0.0563,4.2397,3.7624,3.7013,0.4069,0.1728,0.1945,2.77892,2.16612,0.31108,0.13332,0.07036,0,4e-05,322,159,102,681653,403747,241395,9,11,322,536,556,6
421,12.547,3,15.8868,2.9914,12.8919,0.0024,12.5816,12.1476,0.2592,0.3049,0.029,5.0004,4.1805,2.8028,0.0343,0.0214,0.0161,0.0005,0.002,0.0016,0.0526,3.5373,3.7845,3.7206,0.3224,0.1317,0.17,4.21636,1.26588,2.64864,0.13336,0.07012,0,0,322,159,102,681653,403747,241395,9,11,322,536,556,6
422,12.5603,3,13.0923,2.5637,10.5256,0.0021,10.2547,9.8707,0.2175,0.2661,0.024,3.7969,3.5616,2.383,0.028,0.0169,0.011,0.0005,0.0012,0.0012,0.0409,3.0781,3.1983,3.1597,0.2292,0.1218,0.1624,4.53528,3.9202,0.31292,0.1332,0.0706,4e-05,0,322,159,102,681653,403747,241395,9,11,322,536,556,6
423,12.5739,3,13.4269,2.6073,10.8169,0.0022,10.5158,10.0352,0.2646,0.2967,0.0243,3.4652,4.0367,2.4151,0.0202,0.0163,0.0101,0.0003,0.0016,0.0014,0.0392,3.5046,3.518,3.4692,0.3075,0.1497,0.2106,1.93148,1.2654,0.3648,0.13308,0.07008,4e-05,0,322,159,102,681653,403747,241395,9,11,322,536,556,6
424,12.589,3,14.9624,2.5881,12.3714,0.0021,11.9027,11.4954,0.2328,0.4634,0.0245,4.4498,4.5382,2.3797,0.0237,0.0172,0.0109,0.0003,0.0016,0.0016,0.0424,4.0122,3.6351,3.5879,0.2533,0.1297,0.17,2.63928,2.02664,0.30968,0.13372,0.07028,0,4e-05,322,159,102,681653,403747,241395,9,11,322,536,556,6
425,12.6059,3,16.6249,2.4119,14.2092,0.0021,13.9181,13.3383,0.3412,0.2859,0.0228,2.9511,6.9992,3.2329,0.0383,0.0238,0.0138,0.0006,0.0015,0.0014,0.0468,6.1098,3.5756,3.5244,0.3458,0.1841,0.2329,1.8552,1.27232,0.28368,0.1332,0.06932,0,0,322,159,102,681653,403747,241395,9,11,322,536,556,6
426,12.6237,3,17.5514,3.1954,14.3521,0.0022,14.0548,13.6192,0.2638,0.2924,0.0248,3.6901,6.8128,2.8983,0.0995,0.0185,0.0125,0.0003,0.0014,0.0017,0.0532,6.1808,3.8379,3.7774,0.3544,0.1301,0.1666,2.65044,1.26816,1.0822,0.13356,0.0696,0,0,322,159,102,681653,403747,241395,9,11,322,536,556,6
427,12.6412,3,17.2373,2.5981,14.6363,0.002,14.3608,13.9506,0.2372,0.2701,0.0216,4.4359,6.4724,2.9082,0.0289,0.0186,0.0123,0.0005,0.0016,0.0013,0.0441,5.8677,3.7614,3.7083,0.289,0.1308,0.1684,3.75656,2.16044,0.33656,0.2,0.09524,0,0,322,159,102,681653,403747,241395,9,11,322,536,556,6
428,12.6591,3,17.7432,2.5798,15.1603,0.0023,14.8301,14.2623,0.3204,0.3249,0.0276,5.2359,6.0356,2.819,0.0303,0.0259,0.0151,0.0004,0.0017,0.0019,0.0617,5.4211,3.9195,3.854,0.3727,0.1872,0.2418,2.01104,1.4256,0.30048,0.12596,0.0666,0,0,322,159,102,681653,403747,241395,9,11,322,536,556,6
429,12.6763,3,16.9489,2.2623,14.6841,0.0021,14.4217,13.9245,0.3216,0.2575,0.0249,5.101,5.5,3.1438,0.0355,0.0284,0.0174,0.0006,0.0024,0.0019,0.0615,4.9409,3.8484,3.7836,0.2958,0.1392,0.1704,2.45272,1.1684,0.26436,0.12004,0.7872,0,0,322,159,102,681653,403747,241395,9,11,322,536,556,6
430,12.6926,3,16.2038,2.4405,13.7607,0.0021,13.4854,13.0827,0.2317,0.2699,0.0273,5.1852,5.33,2.4301,0.0235,0.018,0.0163,0.0004,0.0017,0.0015,0.0442,4.7692,3.4186,3.3688,0.3163,0.1253,0.1658,2.92064,1.14576,1.50492,0.11904,0.06372,0,0,322,159,102,681653,403747,241395,9,11,322,536,556,6
431,12.7105,3,17.5943,2.4175,15.1739,0.0021,14.7856,14.1736,0.3537,0.383,0.0234,5.5521,5.8543,2.5491,0.0535,0.0344,0.0196,0.0007,0.002,0.0023,0.0741,5.1821,3.757,3.6926,0.3752,0.1951,0.2525,2.24068,1.07304,0.25308,0.10732,0.7222,0,0,322,159,102,681653,403747,241395,9,11,322,536,556,6
432,12.7283,3,17.5439,2.9984,14.5417,0.0023,14.2176,13.6946,0.3272,0.3187,0.0273,6.2132,4.6273,2.6705,0.041,0.0264,0.0159,0.0007,0.0017,0.002,0.0618,4.0239,3.7636,3.7088,0.3966,0.157,0.1909,2.17408,1.06508,0.86716,0.10524,0.05856,0,0,322,159,102,681653,403747,241395,9,11,322,536,556,6
433,12.7446,3,16.0813,3.0101,13.0676,0.0022,12.7954,12.2336,0.3139,0.2667,0.0315,5.3241,4.198,2.5642,0.0295,0.0189,0.0124,0.0006,0.0015,0.0015,0.0453,3.5577,3.2999,3.2565,0.3433,0.1837,0.2416,5.22816,4.739,0.2432,0.09876,0.05696,0,0,322,159,102,681653,403747,241395,9,11,322,536,556,6
434,12.7619,3,17.0354,2.8717,14.1599,0.0025,13.867,13.3698,0.3225,0.2875,0.0288,6.006,4.6872,2.5191,0.0327,0.0202,0.0138,0.0005,0.0016,0.0016,0.0523,4.1608,3.85,3.7941,0.3185,0.1368,0.1696,1.64668,1.01908,0.3364,0.09912,0.09752,0,0,322,159,102,681653,403747,241395,9,11,322,536,556,6
435,12.7782,3,15.995,2.5852,13.4059,0.0028,13.0147,12.469,0.3292,0.3852,0.0274,5.6048,4.2972,2.4097,0.0286,0.023,0.0157,0.0005,0.0024,0.0018,0.052,3.752,3.6247,3.5726,0.28,0.1588,0.2108,4.7364,4.2694,0.24388,0.09488,0.05612,0,0,322,159,102,681653,403747,241395,9,11,322,536,556,6
436,12.7944,3,16.0106,2.9982,13.0094,0.0021,12.6496,12.2114,0.2483,0.3549,0.0321,5.3771,4.3004,2.3901,0.0256,0.0189,0.0127,0.0004,0.0017,0.0015,0.0453,3.6859,3.4944,3.4431,0.3589,0.1466,0.1848,5.26952,4.80176,0.24384,0.0944,0.05688,0,0,322,159,102,681653,403747,241395,9,11,322,536,556,6
437,12.8115,3,16.9225,2.8247,14.0941,0.0023,13.6251,13.1034,0.3046,0.4636,0.0297,6.4868,4.0498,2.4179,0.0294,0.0201,0.012,0.0005,0.0016,0.0015,0.0486,3.5013,3.5599,3.5027,0.2838,0.1627,0.2115,2.07392,1.5994,0.24424,0.09916,0.05732,4e-05,0,322,159,102,681653,403747,241395,9,11,322,536,556,6
438,12.8285,3,16.2578,2.6167,13.6377,0.0024,13.368,12.6647,0.4856,0.264,0.036,6.1943,3.9465,2.3724,0.0308,0.0186,0.0117,0.0005,0.0019,0.0015,0.0452,3.4336,3.247,3.2022,0.2527,0.164,0.2118,2.05004,1.0028,0.8216,0.09676,0.05616,0,0,322,159,102,681653,403747,241395,9,11,322,536,556,6
439,12.8455,3,16.7584,3.0461,13.7089,0.0021,13.2867,12.7259,0.3255,0.417,0.0276,5.2915,4.4683,2.6955,0.0881,0.0366,0.0262,0.0009,0.0034,0.0031,0.075,3.8975,3.7961,3.7233,0.3342,0.1914,0.2292,5.04712,4.58884,0.24008,0.09216,0.055,0,0,322,159,102,681653,403747,241395,9,11,322,536,556,6
440,12.861,3,15.2688,3.0336,12.2322,0.0022,11.8981,11.5132,0.2149,0.3289,0.0267,4.7988,4.1731,2.4007,0.0297,0.0186,0.0118,0.0004,0.0015,0.0016,0.0453,3.6595,3.7075,3.6531,0.2987,0.1243,0.1654,4.4102,3.84408,0.24488,0.09272,0.1542,0,0,322,159,102,681653,403747,241395,9,11,322,536,556,6
441,12.8782,3,16.9152,2.5859,14.326,0.0021,13.938,13.4438,0.2718,0.3825,0.0278,6.415,4.4202,2.4423,0.0258,0.0187,0.0119,0.0004,0.0017,0.0014,0.0731,3.9016,3.6461,3.5905,0.2685,0.1607,0.2171,2.04964,1.58976,0.23624,0.09588,0.0558,0,0,322,159,102,681653,403747,241395,9,11,322,536,556,6
442,12.8955,3,17.001,3.2208,13.7767,0.0026,13.4974,13.0777,0.2412,0.2738,0.0338,5.7833,4.4381,2.688,0.0337,0.0222,0.014,0.0004,0.0021,0.0015,0.0542,3.8818,3.74,3.6847,0.305,0.1312,0.1733,1.58352,0.98228,0.31792,0.09512,0.09616,0,0,322,159,102,681653,403747,241395,9,11,322,536,556,6
443,12.913,3,17.2284,3.2857,13.939,0.0091,13.5931,12.9366,0.3903,0.3332,0.066,5.3546,4.5071,2.8582,0.0384,0.0253,0.0156,0.0006,0.0019,0.0015,0.0599,3.8589,3.9989,3.8584,0.3657,0.2053,0.2595,4.83432,4.37612,0.23668,0.09376,0.05556,0,0,322,159,102,681653,403747,241395,9,11,322,536,556,6
444,12.9283,3,15.1216,2.7101,12.408,0.0024,12.0544,11.4962,0.3713,0.3484,0.0282,3.9839,5.0152,2.3635,0.0229,0.018,0.0123,0.0004,0.0013,0.0016,0.0437,4.5063,3.2763,3.2335,0.2653,0.1363,0.1816,2.58936,0.9716,1.38372,0.09192,0.05512,0,0,322,159,102,681653,403747,241395,9,11,322,536,556,6
445,12.9447,3,16.1533,3.3991,12.7501,0.0027,12.3852,11.9579,0.2542,0.3593,0.03,5.3129,4.0469,2.4465,0.0314,0.0202,0.0131,0.0005,0.0017,0.0016,0.0474,3.4655,3.6486,3.5988,0.2734,0.1299,0.1676,5.45452,5.0012,0.2262,0.0886,0.05416,0,0,322,159,102,681653,403747,241395,9,11,322,536,556,6
446,12.9625,3,17.5841,2.5482,15.0323,0.0022,14.7387,14.1973,0.3045,0.2882,0.0303,6.6199,4.8977,2.4885,0.0347,0.0419,0.0199,0.0008,0.003,0.0022,0.0504,4.1894,3.5331,3.4849,0.3626,0.1812,0.2312,1.58792,0.9786,0.33144,0.09292,0.09408,4e-05,0,322,159,102,681653,403747,241395,9,11,322,536,556,6
447,12.9778,3,15.0334,2.9265,12.1041,0.0021,11.8256,11.4401,0.2164,0.2736,0.0221,4.3512,4.4336,2.5188,0.0302,0.0186,0.0119,0.0004,0.0014,0.0016,0.0451,3.881,3.6714,3.6301,0.3496,0.1276,0.1646,1.86368,1.4204,0.23464,0.08692,0.05364,0,0,322,159,102,681653,403747,241395,9,11,322,536,556,6
448,12.9937,3,15.6704,2.9477,12.7196,0.0023,12.4816,12.0888,0.2228,0.2331,0.0281,5.4415,4.0928,2.423,0.0232,0.018,0.0117,0.0004,0.0016,0.0017,0.0416,3.5694,3.2086,3.1684,0.2658,0.1235,0.1652,5.41196,4.9712,0.22804,0.08952,0.054,0,0,322,159,102,681653,403747,241395,9,11,322,536,556,6
449,13.0107,3,16.7952,2.7367,14.0556,0.0021,13.7345,13.3263,0.2374,0.3162,0.0233,6.0549,4.6189,2.4792,0.032,0.0198,0.0124,0.0005,0.0021,0.0013,0.0763,4.0906,3.496,3.4467,0.254,0.131,0.1658,1.96048,0.95084,0.23868,0.09436,0.05636,0,4e-05,322,159,102,681653,403747,241395,9,11,322,536,556,6
450,13.0279,3,17.076,2.6732,14.3998,0.0027,14.05,13.6386,0.2355,0.3441,0.0284,6.2984,4.6847,2.518,0.0254,0.0185,0.0119,0.0005,0.0014,0.0018,0.0442,4.0657,3.6343,3.5519,0.317,0.1274,0.1708,1.49128,0.92936,0.26788,0.08704,0.05796,0,0,322,159,102,681653,403747,241395,9,11,322,536,556,6
451,13.0445,3,16.3792,2.6973,13.6788,0.0026,13.4132,12.9471,0.2547,0.26,0.0352,6.3038,3.9549,2.523,0.0343,0.0212,0.0137,0.0005,0.0015,0.0018,0.0511,3.4296,3.4217,3.3764,0.2489,0.1514,0.2054,1.91252,1.48312,0.22452,0.08596,0.05252,0,0,322,159,102,681653,403747,241395,9,11,322,536,556,6
452,13.0608,3,16.0843,2.4059,13.675,0.002,13.4067,13.0268,0.2133,0.2637,0.0224,6.3879,4.1377,2.3742,0.0238,0.0177,0.0116,0.0004,0.0013,0.0016,0.0434,3.587,3.4378,3.3863,0.2573,0.1251,0.1624,1.83784,1.41328,0.22116,0.08472,0.05308,0,0,322,159,102,681653,403747,241395,9,11,322,536,556,6
453,13.0813,3,20.3833,3.1166,17.2639,0.0023,17.0222,16.6326,0.2212,0.2368,0.0263,7.1742,6.549,2.6566,0.0911,0.0423,0.0165,0.0008,0.0021,0.002,0.0514,5.9936,3.5052,3.4466,0.2407,0.1267,0.1637,2.08184,1.60888,0.27528,0.0826,0.05196,0,0,322,159,102,681653,403747,241395,9,11,322,536,556,6
454,13.0961,3,14.5578,2.5289,12.0263,0.0023,11.7032,11.2023,0.3289,0.318,0.0242,4.631,4.0621,2.3758,0.0222,0.0189,0.0129,0.0004,0.0024,0.0021,0.0452,3.5419,3.428,3.3787,0.2596,0.1317,0.1669,4.13076,3.63536,0.21336,0.07232,0.14696,0,0,322,159,102,681653,403747,241395,9,11,322,536,556,6
455,13.1114,3,15.0996,2.706,12.3905,0.0024,12.0488,11.5803,0.261,0.3361,0.0284,4.665,4.3701,2.3914,0.0315,0.0195,0.0121,0.0005,0.0017,0.0014,0.0524,3.82,3.5555,3.5035,0.3034,0.1534,0.2021,4.59368,1.42544,0.21408,0.07292,0.05052,0,0,322,159,102,681653,403747,241395,9,11,322,536,556,6
456,13.1286,3,16.9576,2.9273,14.0271,0.0024,13.7351,13.1666,0.3165,0.2858,0.0301,5.9573,4.2004,2.811,0.0427,0.0301,0.0172,0.0006,0.0021,0.0024,0.0661,3.6475,3.8559,3.8009,0.2801,0.1834,0.2462,5.61156,0.88428,0.2726,0.0766,4.30892,0,0,322,159,102,681653,403747,241395,9,11,322,536,556,6
457,13.1468,3,17.9596,3.231,14.7248,0.0029,14.3771,13.7801,0.3347,0.3412,0.0272,5.8994,4.9203,2.7554,0.0422,0.0302,0.0179,0.0006,0.002,0.0021,0.0683,4.3459,3.745,3.6902,0.3855,0.197,0.2552,1.33084,0.87532,0.26452,0.07772,0.0508,4e-05,0,322,159,102,681653,403747,241395,9,11,322,536,556,6
458,13.1614,3,14.4124,3.496,10.9133,0.0025,10.6436,10.2536,0.2189,0.2644,0.0278,3.9612,3.7997,2.3553,0.0238,0.0208,0.0116,0.0004,0.0015,0.0014,0.0451,3.2873,3.4272,3.3778,0.2759,0.1259,0.1666,3.86676,3.45212,0.22952,0.07332,0.05032,0,0,322,159,102,681653,403747,241395,9,11,322,536,556,6
459,13.1781,3,16.4461,2.4319,14.0113,0.0021,13.6995,13.3069,0.2175,0.3068,0.023,6.0818,4.5505,2.5385,0.0291,0.0196,0.0117,0.0004,0.0015,0.0014,0.0439,4.0163,3.5321,3.4804,0.2603,0.1301,0.1702,1.77892,1.32452,0.23224,0.08228,0.05232,0,0,322,159,102,681653,403747,241395,9,11,322,536,556,6
460,13.1935,3,15.2003,2.5829,12.6151,0.002,12.3918,12.0131,0.2136,0.2188,0.026,5.7437,3.7862,2.3581,0.0219,0.0169,0.0113,0.0004,0.0019,0.0015,0.0408,3.2513,3.2032,3.1586,0.2713,0.1236,0.1612,1.77252,1.36512,0.21304,0.08064,0.05108,0,0,322,159,102,681653,403747,241395,9,11,322,536,556,6
461,13.2091,3,15.4341,2.2753,13.1565,0.0019,12.9244,12.5475,0.2084,0.2279,0.0206,5.9889,4.0499,2.3835,0.0276,0.0176,0.0107,0.0004,0.0013,0.0012,0.0411,3.4624,3.8045,3.754,0.2272,0.1246,0.1648,1.83508,0.9028,0.22404,0.08192,0.55464,0,0,322,159,102,681653,403747,241395,9,11,322,536,556,6
462,13.2255,3,16.2839,2.3993,13.8819,0.0026,13.5471,13.0969,0.2782,0.3287,0.0257,4.5886,5.5328,2.8218,0.0344,0.0203,0.0122,0.0005,0.0015,0.0016,0.0517,5.0222,3.5009,3.45,0.243,0.1331,0.1668,1.34148,0.91564,0.22572,0.08136,0.05384,0,0,322,159,102,681653,403747,241395,9,11,322,536,556,6
463,13.2428,3,17.0593,2.2271,14.8286,0.0023,14.5306,13.8628,0.3687,0.2918,0.029,5.1691,5.6074,2.9084,0.0332,0.0254,0.0165,0.0005,0.0021,0.0019,0.0623,5.0856,3.8246,3.7623,0.2688,0.2233,0.2924,1.39324,0.96388,0.2332,0.08048,0.05164,0,0,322,159,102,681653,403747,241395,9,11,322,536,556,6
464,13.26,3,16.9954,2.3897,14.603,0.0022,14.311,13.7303,0.3876,0.2868,0.0224,5.7535,4.7226,3.0418,0.05,0.0295,0.0194,0.0006,0.0021,0.0022,0.0782,4.1262,4.2392,4.1657,0.3222,0.1491,0.188,1.33572,0.90952,0.22588,0.08216,0.0526,0,0,322,159,102,681653,403747,241395,9,11,322,536,556,6
465,13.2764,3,16.254,2.4348,13.816,0.0027,13.574,13.1895,0.2167,0.2364,0.0253,5.964,4.7644,2.3319,0.0233,0.0184,0.0111,0.0006,0.0017,0.0013,0.0422,4.2262,3.4388,3.3877,0.2843,0.1239,0.1633,1.35464,0.92632,0.22388,0.08464,0.05308,4e-05,0,322,159,102,681653,403747,241395,9,11,322,536,556,6
466,13.2923,3,15.6283,2.3544,13.2712,0.0021,13.0416,12.4724,0.3822,0.2249,0.0215,5.715,3.9583,2.6332,0.0399,0.0266,0.0181,0.0006,0.0021,0.002,0.049,3.4426,3.3381,3.29,0.2508,0.1364,0.1819,1.34684,0.91848,0.22448,0.0844,0.05288,0,0,322,159,102,681653,403747,241395,9,11,322,536,556,6
467,13.3082,3,15.6937,2.4593,13.2308,0.0023,12.8738,12.3754,0.3262,0.3519,0.0244,4.5532,5.3243,2.3697,0.0245,0.0185,0.0111,0.0003,0.0016,0.0012,0.0421,4.7505,3.4684,3.4186,0.2781,0.1285,0.1673,1.4808,0.93284,0.2284,0.14412,0.08516,0,0,322,159,102,681653,403747,241395,9,11,322,536,556,6
468,13.325,3,16.6402,2.4112,14.2265,0.0022,13.9651,13.1596,0.5329,0.2564,0.021,3.2659,7.0049,2.6632,0.0475,0.0354,0.0218,0.0008,0.0024,0.0027,0.0864,6.4214,3.6319,3.5779,0.3274,0.2075,0.2669,1.35024,0.92492,0.22236,0.08372,0.05288,0,0,322,159,102,681653,403747,241395,9,11,322,536,556,6
469,13.342,3,16.8202,2.2431,14.5745,0.0022,14.2102,13.6624,0.3049,0.3591,0.0225,3.8784,6.414,3.1956,0.0446,0.0253,0.0168,0.0004,0.0021,0.002,0.0548,5.8489,3.6134,3.5529,0.29,0.1775,0.2374,1.85408,1.41716,0.23032,0.08636,0.053,0,0,322,159,102,681653,403747,241395,9,11,322,536,556,6
470,13.3588,3,16.5997,2.2334,14.3638,0.0023,14.0733,13.2591,0.4433,0.2851,0.0227,3.8666,6.2884,2.9026,0.0412,0.0291,0.0179,0.0006,0.0023,0.0024,0.0777,5.6859,3.796,3.7282,0.3636,0.2256,0.359,1.34436,0.91932,0.2234,0.08324,0.05296,4e-05,0,322,159,102,681653,403747,241395,9,11,322,536,556,6
471,13.3748,3,15.8299,2.4761,13.3499,0.0023,13.0757,12.6332,0.2652,0.2689,0.022,4.6941,5.0764,2.6937,0.0291,0.0238,0.0168,0.0004,0.0023,0.0022,0.0658,4.4796,3.4087,3.3596,0.2716,0.1303,0.1724,1.91448,1.47288,0.23096,0.08868,0.05376,0,0,322,159,102,681653,403747,241395,9,11,322,536,556,6
472,13.3905,3,15.4866,2.0844,13.3997,0.002,13.0215,12.4674,0.2713,0.373,0.0268,2.8401,6.8257,2.64,0.0297,0.0179,0.0136,0.0004,0.0017,0.0015,0.0649,6.3046,3.4556,3.4089,0.245,0.2318,0.2781,1.363,0.93024,0.22628,0.08564,0.05348,4e-05,0,322,159,102,681653,403747,241395,9,11,322,536,556,6
473,13.4069,3,16.1934,2.0395,14.1512,0.0022,13.9197,13.5186,0.234,0.2267,0.0196,3.2889,7.3536,2.7304,0.0353,0.0212,0.0148,0.0005,0.0019,0.0015,0.0449,6.5506,4.0066,3.9515,0.3039,0.1239,0.163,2.10896,0.94796,0.95244,0.08684,0.0532,0,4e-05,322,159,102,681653,403747,241395,9,11,322,536,556,6
474,13.4213,3,14.2234,1.7069,12.514,0.0017,12.2571,11.8153,0.2337,0.2522,0.0206,2.7702,4.755,4.1592,0.0281,0.019,0.012,0.0005,0.0013,0.0016,0.0434,4.2302,3.6583,3.5972,0.2537,0.158,0.2032,1.36708,0.9336,0.22816,0.08504,0.05336,0,0,322,159,102,681653,403747,241395,9,11,322,536,556,6
475,13.436,3,14.3824,1.8999,12.4794,0.002,12.1059,11.4444,0.4503,0.3685,0.0212,2.6505,3.3554,5.2927,0.032,0.0209,0.0184,0.0004,0.0014,0.0016,0.0451,2.8969,3.2208,3.1765,0.2078,0.1522,0.2065,2.33704,1.89268,0.23436,0.08812,0.05428,0,0,322,159,102,681653,403747,241395,9,11,322,536,556,6
476,13.4491,3,12.8374,1.9187,10.916,0.0021,10.6062,10.0103,0.318,0.3047,0.0209,2.8639,3.6673,3.3355,0.0285,0.0174,0.0113,0.0005,0.0017,0.0015,0.0567,3.1229,3.1903,3.144,0.2312,0.2009,0.2726,1.9652,1.5152,0.23168,0.09124,0.05832,4e-05,0,322,159,102,681653,403747,241395,9,11,322,536,556,6
477,13.466,3,13.3565,1.8909,11.4622,0.0026,11.137,10.5353,0.3099,0.3195,0.023,2.7899,3.5864,3.9437,0.0396,0.0286,0.0316,0.0006,0.0017,0.0014,0.0822,3.0558,3.1338,3.094,0.2321,0.2299,0.2862,4.68484,4.2276,0.23656,0.09332,0.055,4e-05,0,322,159,102,681653,403747,241395,9,11,322,536,556,6
478,13.4823,3,16.0558,2.1662,13.886,0.0021,13.6327,13.1335,0.3125,0.2483,0.0214,3.6248,6.4999,2.8694,0.0347,0.0184,0.0115,0.0009,0.0017,0.0014,0.044,6.0054,3.3579,3.3163,0.2567,0.1895,0.1819,1.94084,0.96888,0.75552,0.09208,0.0548,0,0,322,159,102,681653,403747,241395,9,11,322,536,556,6
479,13.4968,3,14.2733,2.0492,12.2204,0.0022,11.9456,11.5282,0.2482,0.2698,0.021,5.2102,3.8307,2.3741,0.0199,0.0159,0.0108,0.0004,0.0013,0.0011,0.0381,3.3243,3.2101,3.1698,0.2201,0.1248,0.1641,4.26892,3.8502,0.21764,0.08336,0.05248,0,0,322,159,102,681653,403747,241395,9,11,322,536,556,6
480,13.5112,3,13.9283,2.4253,11.4999,0.0022,11.2776,10.9001,0.2123,0.2176,0.0218,4.3854,4.0485,2.3495,0.0209,0.0159,0.0106,0.0005,0.0015,0.0013,0.0396,3.5479,3.3436,3.3005,0.2393,0.1219,0.1613,4.15952,3.73468,0.22888,0.07964,0.05192,0,0,322,159,102,681653,403747,241395,9,11,322,536,556,6
481,13.5273,3,15.8807,1.7991,14.0775,0.0026,13.7646,13.2285,0.2853,0.3065,0.0281,5.5405,4.7418,2.7816,0.0301,0.0244,0.0152,0.0004,0.0024,0.002,0.0557,4.1267,3.7081,3.6504,0.2895,0.1748,0.2447,2.51116,0.9342,0.23292,0.08692,0.05268,0,4e-05,322,159,102,681653,403747,241395,9,11,322,536,556,6
482,13.5499,3,22.2359,11.2564,10.9755,0.0027,10.5787,9.6628,0.4939,0.3908,0.028,2.7853,3.5329,3.1559,0.0429,0.0268,0.0169,0.0005,0.002,0.002,0.0633,3.0382,3.2492,3.2072,0.216,0.3384,0.4157,1.38228,0.94572,0.22384,0.08896,0.05456,0,0,322,159,102,681653,403747,241395,9,11,322,536,556,6
483,13.5696,3,19.3925,3.8694,15.5193,0.0024,15.1646,14.4768,0.4388,0.3491,0.0276,3.8467,4.5181,5.8572,0.0412,0.0324,0.0311,0.0006,0.0019,0.0021,0.1117,3.9404,3.5981,3.5438,0.2879,0.1639,0.2428,1.44736,0.92664,0.31548,0.085,0.05356,0,0,340,165,108,694751,408113,245761,10,12,340,572,592,6
484,13.5889,3,18.4215,3.1974,15.2206,0.0025,14.9107,14.5056,0.2288,0.3048,0.0221,3.2729,5.3516,5.7228,0.0308,0.0197,0.0122,0.0004,0.0015,0.0018,0.0643,4.7275,3.8227,3.7594,0.3375,0.1272,0.1719,1.74392,1.3418,0.21348,0.07664,0.04988,0,0,358,171,114,707849,412479,250127,11,13,358,608,628,6
485,13.6059,3,16.7592,2.5199,14.2363,0.0019,13.9057,13.4619,0.2607,0.326,0.0219,3.1312,6.5879,3.5499,0.0311,0.0322,0.0123,0.0005,0.0014,0.0015,0.0865,6.0097,3.6476,3.5958,0.3183,0.1385,0.1768,1.93516,1.4962,0.23988,0.0818,0.05192,0,0,358,171,114,707849,412479,250127,11,13,358,608,628,6
486,13.6235,3,17.3966,2.4306,14.9631,0.002,14.6574,14.1205,0.3044,0.3003,0.0214,3.1112,5.4813,5.3379,0.0349,0.0256,0.0162,0.0005,0.0021,0.0018,0.082,4.8923,3.7659,3.7092,0.3426,0.1699,0.2278,1.59132,1.14296,0.2472,0.08284,0.05256,0,0,358,171,114,707849,412479,250127,11,13,358,608,628,6
487,13.6421,3,18.3288,2.9719,15.3536,0.0022,15.0425,14.4629,0.374,0.3058,0.0219,3.5109,7.433,3.3354,0.0374,0.0223,0.0157,0.0005,0.0017,0.0023,0.0765,6.8141,3.8026,3.7344,0.3213,0.1648,0.2,2.00216,1.43584,0.24824,0.08428,0.14572,0,0,358,171,114,707849,412479,250127,11,13,358,608,628,6
488,13.6589,3,16.6238,2.4106,14.2109,0.0022,13.8969,13.5082,0.2175,0.3089,0.0222,3.8251,6.2485,3.2764,0.028,0.0197,0.0143,0.0009,0.002,0.0016,0.0634,5.7075,3.6675,3.611,0.2829,0.1284,0.1669,1.36496,0.93648,0.2218,0.08596,0.05336,0,0,358,171,114,707849,412479,250127,11,13,358,608,628,6
489,13.6763,3,16.9603,2.6379,14.3188,0.0024,14.0467,13.6625,0.2167,0.2669,0.0245,4.8171,5.8403,2.8512,0.0286,0.0186,0.0122,0.0004,0.0016,0.0014,0.0619,5.2627,3.5998,3.5479,0.2748,0.1258,0.1628,1.38164,0.94772,0.22412,0.0874,0.05396,0,0,358,171,114,707849,412479,250127,11,13,358,608,628,6
490,13.6939,3,17.4757,2.2815,15.1918,0.0018,14.8613,14.4667,0.2233,0.3256,0.0208,4.6903,6.2918,3.325,0.0299,0.0206,0.0128,0.0005,0.0019,0.0015,0.0667,5.7703,3.7336,3.6782,0.2718,0.1282,0.167,1.40316,0.9622,0.22432,0.0916,0.05468,0,0,358,171,114,707849,412479,250127,11,13,358,608,628,6
491,13.7111,3,16.9769,2.4893,14.4849,0.002,14.2147,13.8221,0.2169,0.2654,0.0216,6.1059,4.7835,2.7816,0.0298,0.0186,0.0119,0.0004,0.0016,0.0013,0.0609,4.1353,3.7105,3.6418,0.3607,0.1287,0.1716,1.40836,0.96284,0.22932,0.0912,0.05496,0,0,358,171,114,707849,412479,250127,11,13,358,608,628,6
492,13.7278,3,16.4773,2.2987,14.1761,0.0019,13.8904,13.5046,0.2155,0.2813,0.0224,6.0555,4.4762,2.8304,0.0235,0.0177,0.0116,0.0004,0.0014,0.0013,0.0594,3.925,3.6605,3.6063,0.2556,0.1255,0.166,1.42848,0.97284,0.2324,0.09352,0.056,0,4e-05,358,171,114,707849,412479,250127,11,13,358,608,628,6
493,13.7451,3,17.0914,2.7359,14.3527,0.0021,14.096,13.7227,0.2073,0.2515,0.0268,6.5689,4.2941,2.711,0.022,0.0175,0.0117,0.0004,0.0014,0.0011,0.0631,3.7804,3.4752,3.426,0.2431,0.1243,0.1612,2.00236,0.97768,0.22376,0.09664,0.05548,0,0,358,171,114,707849,412479,250127,11,13,358,608,628,6
494,13.7624,3,17.1772,2.3045,14.8698,0.0021,14.4773,13.9934,0.2713,0.3871,0.0245,6.5961,4.4143,2.8337,0.0252,0.0179,0.0121,0.0004,0.0015,0.0015,0.0613,3.8321,3.8172,3.7608,0.2883,0.175,0.2067,2.09364,1.0112,0.23852,0.10088,0.059,0,0,358,171,114,707849,412479,250127,11,13,358,608,628,6
495,13.78,3,17.1464,2.4795,14.6638,0.0022,14.3872,13.9196,0.2783,0.2716,0.0201,6.9588,4.0614,2.7535,0.0271,0.0174,0.0115,0.0004,0.0014,0.0014,0.0621,3.5303,3.7741,3.7154,0.2548,0.1505,0.1844,2.1158,1.03288,0.8514,0.09944,0.05708,0,0,358,171,114,707849,412479,250127,11,13,358,608,628,6
496,13.7986,3,18.4321,2.648,15.7806,0.0023,15.3256,14.7653,0.2855,0.4492,0.0265,6.2127,4.3967,3.9177,0.0428,0.0322,0.0251,0.0007,0.0025,0.0024,0.0991,3.9054,3.6913,3.6359,0.2625,0.1994,0.2691,3.17004,2.69824,0.24256,0.09796,0.05656,0,0,358,171,114,707849,412479,250127,11,13,358,608,628,6
497,13.8141,3,15.2268,2.4662,12.7567,0.0021,12.461,12.0862,0.2071,0.2904,0.0211,5.238,3.8783,2.8187,0.029,0.02,0.0109,0.0005,0.0017,0.0015,0.0619,3.4053,3.6754,3.6275,0.2344,0.1215,0.1633,4.4474,1.06864,3.16388,0.08992,0.05464,0,0,358,171,114,707849,412479,250127,11,13,358,608,628,6
498,13.8319,3,17.4689,2.8729,14.5922,0.0026,14.2012,13.5218,0.3553,0.3857,0.0315,6.01,3.9993,3.2834,0.0411,0.0315,0.0178,0.0006,0.0023,0.0025,0.0947,3.5147,3.765,3.7083,0.2494,0.3029,0.3188,2.47972,2.00844,0.24704,0.0948,0.0564,0,0,358,171,114,707849,412479,250127,11,13,358,608,628,6
499,13.8471,3,14.9632,2.7542,12.206,0.002,11.9387,11.365,0.3294,0.2621,0.0342,4.5947,3.8718,2.7466,0.0253,0.0171,0.0104,0.0004,0.0015,0.0012,0.058,3.4058,3.3437,3.3001,0.2286,0.1786,0.2388,4.25132,3.78812,0.24044,0.09384,0.05588,0,0,358,171,114,707849,412479,250127,11,13,358,608,628,6
500,13.865,3,17.7232,2.8578,14.8626,0.0021,14.5644,13.9418,0.3818,0.2935,0.0229,6.4339,4.2348,3.053,0.039,0.0288,0.0194,0.0007,0.002,0.002,0.0986,3.734,3.9695,3.9119,0.2595,0.2156,0.2361,2.88164,2.42256,0.2362,0.0942,0.05616,0,0,358,171,114,707849,412479,250127,11,13,358,608,628,6
501,13.881,3,15.7906,2.8144,12.9733,0.0021,12.6592,12.2493,0.2092,0.3089,0.0264,5.3717,3.9729,2.7645,0.021,0.0164,0.0107,0.0003,0.0014,0.0015,0.0583,3.4891,3.4484,3.4024,0.2753,0.1519,0.1957,2.90084,1.0154,1.65532,0.0984,0.05744,0,0,358,171,114,707849,412479,250127,11,13,358,608,628,6
502,13.8986,3,17.3573,2.6295,14.725,0.0023,14.3897,13.7134,0.4116,0.3304,0.0342,6.5446,3.975,2.9577,0.0274,0.0227,0.0166,0.0004,0.0017,0.0014,0.1271,3.4932,3.5799,3.5288,0.2299,0.2415,0.2604,4.82592,4.36728,0.23736,0.09332,0.0552,0,0,358,171,114,707849,412479,250127,11,13,358,608,628,6
503,13.9144,3,15.638,2.7962,12.8388,0.0022,12.5125,12.1315,0.2141,0.3209,0.023,5.1188,4.1034,2.7659,0.0237,0.0175,0.0113,0.0003,0.0016,0.0013,0.0603,3.5975,3.5733,3.5245,0.2507,0.1251,0.1623,4.39696,3.92,0.23876,0.09148,0.05564,0,0,358,171,114,707849,412479,250127,11,13,358,608,628,6
504,13.9306,3,15.9023,2.683,13.2169,0.0018,12.9019,12.5135,0.2215,0.3103,0.0247,3.8213,4.7916,3.7499,0.0247,0.019,0.0126,0.0003,0.0014,0.0016,0.0619,4.2774,3.6844,3.6158,0.2503,0.1274,0.1627,2.10992,1.5944,0.23088,0.09284,0.05708,0,0,358,171,114,707849,412479,250127,11,13,358,608,628,6
505,13.9506,3,19.7755,2.7782,16.9943,0.002,16.652,15.9639,0.4338,0.3375,0.0223,7.0953,4.6413,3.954,0.0444,0.0309,0.0205,0.0007,0.0023,0.0022,0.1432,4.1003,3.7146,3.6586,0.2637,0.2279,0.2494,2.24592,0.9334,1.10648,0.0874,0.0526,0,0,358,171,114,707849,412479,250127,11,13,358,608,628,6
506,13.9684,3,17.6242,2.2889,15.3328,0.002,14.948,14.386,0.3072,0.3797,0.0262,5.5498,3.8638,4.7162,0.0353,0.0252,0.0132,0.0005,0.0015,0.0014,0.1477,3.3831,3.8113,3.752,0.2338,0.1918,0.2492,4.08176,3.65724,0.2298,0.07876,0.05176,0,0,358,171,114,707849,412479,250127,11,13,358,608,628,6
507,13.986,3,17.3924,2.4823,14.9077,0.0021,14.5756,14.0379,0.3247,0.3274,0.024,4.0168,4.1112,5.7076,0.0465,0.032,0.0204,0.0008,0.0028,0.002,0.0668,3.5984,4.0233,3.9496,0.2672,0.1731,0.208,1.40436,0.97984,0.227,0.0812,0.05184,0,0,358,171,114,707849,412479,250127,11,13,358,608,628,6
508,14.0028,3,16.6226,3.1285,13.4913,0.0022,13.1603,12.5278,0.3288,0.3249,0.0242,3.3006,3.866,5.198,0.0282,0.0188,0.0135,0.0005,0.0017,0.0018,0.0696,3.3876,3.5703,3.5154,0.2342,0.2464,0.2976,1.42644,0.91104,0.31132,0.08368,0.05324,4e-05,0,358,171,114,707849,412479,250127,11,13,358,608,628,6
509,14.0207,3,17.6513,2.6012,15.047,0.0023,14.6675,13.9329,0.45,0.3736,0.0266,3.5841,4.251,5.8307,0.0488,0.0396,0.0271,0.001,0.0034,0.0028,0.1095,3.7244,3.8446,3.778,0.2806,0.2347,0.2785,1.79856,1.37564,0.2244,0.08152,0.05176,0,0,358,171,114,707849,412479,250127,11,13,358,608,628,6
510,14.0396,3,18.7001,2.7947,15.9024,0.0021,15.5205,14.8058,0.3566,0.3772,0.0208,3.6417,4.1151,6.8493,0.0342,0.0247,0.0124,0.0005,0.0015,0.0015,0.0995,3.629,3.5381,3.4878,0.2541,0.2917,0.3532,1.81604,1.39188,0.22456,0.08228,0.05196,0,0,358,171,114,707849,412479,250127,11,13,358,608,628,6
511,14.0578,3,17.9639,2.8488,15.1122,0.0024,14.7951,14.3243,0.2325,0.3111,0.0263,3.3918,5.3841,5.3311,0.0357,0.0281,0.018,0.0007,0.0024,0.0023,0.0975,4.8796,3.8121,3.7595,0.2541,0.1583,0.233,1.83272,0.94248,0.68968,0.08172,0.05288,0,0,358,171,114,707849,412479,250127,11,13,358,608,628,6
512,14.0771,3,19.0797,2.8503,16.2257,0.0021,15.9379,15.2886,0.4073,0.283,0.0228,3.5704,8.3057,3.1673,0.0401,0.0291,0.0178,0.0007,0.002,0.0023,0.1225,7.7154,3.8975,3.834,0.3949,0.2085,0.2371,1.43372,1.0004,0.23752,0.07952,0.05192,0,0,358,171,114,707849,412479,250127,11,13,358,608,628,6
513,14.0965,3,19.1315,2.4622,16.6664,0.0023,16.381,15.9894,0.2206,0.2802,0.0214,5.4194,7.0274,3.3862,0.0297,0.018,0.0124,0.0005,0.0016,0.0014,0.0627,6.4692,4.0694,3.9987,0.3198,0.1273,0.1667,2.40492,1.5526,0.26328,0.07776,0.44264,0,0,358,171,114,707849,412479,250127,11,13,358,608,628,6
514,14.1164,3,19.6666,2.549,17.115,0.0024,16.6578,16.0339,0.3993,0.4517,0.0312,7.828,4.882,3.1525,0.0343,0.0198,0.0126,0.0005,0.0016,0.0016,0.0637,4.3396,4.0246,3.9528,0.3029,0.1992,0.2187,1.71416,1.31428,0.20856,0.07728,0.05092,0,0,358,171,114,707849,412479,250127,11,13,358,608,628,6
515,14.1339,3,17.3833,2.9697,14.4099,0.0024,14.0568,13.4263,0.393,0.3479,0.0298,5.5122,3.9838,3.7059,0.036,0.0375,0.0273,0.0005,0.0018,0.0012,0.0844,3.4936,3.5449,3.4941,0.2529,0.2109,0.2322,4.31328,0.8524,3.26664,0.07912,0.05288,0,0,358,171,114,707849,412479,250127,11,13,358,608,628,6
516,14.1495,3,15.4082,2.5687,12.8366,0.0022,12.4784,12.0235,0.2794,0.3528,0.0255,3.4942,5.3192,2.9902,0.0377,0.0282,0.0178,0.0008,0.0015,0.0017,0.1012,4.8368,3.5678,3.5089,0.2443,0.1297,0.1703,1.31944,0.8714,0.2594,0.07608,0.05068,0,0,358,171,114,707849,412479,250127,11,13,358,608,628,6
517,14.1679,3,17.7808,2.3197,15.4574,0.002,15.1604,14.4169,0.4707,0.2925,0.03,5.889,4.0146,4.2786,0.0331,0.0212,0.0162,0.0004,0.0017,0.0014,0.126,3.5216,3.5232,3.4716,0.2419,0.2697,0.2685,5.4462,2.50532,0.2262,0.0686,2.5858,0,0,358,171,114,707849,412479,250127,11,13,358,608,628,6
518,14.1829,3,14.5657,2.7642,11.7971,0.0023,11.4429,10.8896,0.3569,0.3484,0.0292,3.772,3.8303,3.0817,0.033,0.0232,0.0116,0.0004,0.0014,0.0013,0.1008,3.3567,3.349,3.3033,0.2337,0.1487,0.1911,3.97868,3.4586,0.22072,0.06788,0.16988,0,0,358,171,114,707849,412479,250127,11,13,358,608,628,6
519,14.2015,3,18.0308,2.3037,15.7234,0.0021,15.4071,14.9547,0.2795,0.3111,0.0202,5.8404,4.1113,4.841,0.038,0.0191,0.0125,0.0006,0.0015,0.0014,0.0636,3.5778,3.8448,3.7857,0.2724,0.1319,0.1688,2.92308,0.83952,1.9062,0.06896,0.04904,0,0,358,171,114,707849,412479,250127,11,13,358,608,628,6
520,14.2158,3,13.7223,3.0718,10.6471,0.0025,10.3695,9.953,0.2468,0.2723,0.0228,3.0266,3.9596,2.7696,0.0415,0.0312,0.0184,0.0007,0.0025,0.0022,0.0713,3.4631,3.3749,3.3298,0.2532,0.1268,0.1641,1.41204,0.84624,0.3288,0.0692,0.0936,0,0,358,171,114,707849,412479,250127,11,13,358,608,628,6
521,14.2342,3,17.8964,2.8675,15.0254,0.0021,14.6914,14.0836,0.4189,0.3293,0.0249,5.6045,4.1776,4.0307,0.0363,0.0297,0.0223,0.0006,0.002,0.0025,0.1467,3.6852,3.6529,3.5995,0.26,0.1647,0.1839,1.7834,1.37296,0.22716,0.07196,0.0498,0,0,358,171,114,707849,412479,250127,11,13,358,608,628,6
522,14.2493,3,14.647,2.3641,12.2795,0.002,12.0016,11.339,0.3491,0.273,0.0208,4.5822,3.8294,2.7729,0.0197,0.0171,0.0109,0.0004,0.0015,0.0016,0.0779,3.3609,3.3478,3.3012,0.2344,0.2593,0.3084,3.69172,3.27828,0.23192,0.07064,0.04964,0,0,358,171,114,707849,412479,250127,11,13,358,608,628,6
523,14.2699,3,19.9796,2.8909,17.085,0.0019,16.7326,16.2135,0.3272,0.3475,0.0189,6.3704,4.0677,5.5339,0.0381,0.0279,0.0234,0.0009,0.0033,0.0022,0.1197,3.5691,3.899,3.8342,0.2497,0.1481,0.1871,1.83968,0.85236,0.76096,0.0726,0.0928,0,0,358,171,114,707849,412479,250127,11,13,358,608,628,6
524,14.2867,3,16.1974,3.0075,13.1868,0.0021,12.7658,12.1236,0.3232,0.4156,0.0214,3.1532,3.7766,4.9872,0.0371,0.0269,0.0188,0.0005,0.0021,0.0018,0.0925,3.3155,3.4233,3.3756,0.2246,0.2725,0.3139,1.79384,0.95168,0.21516,0.07088,0.48872,0,0,358,171,114,707849,412479,250127,11,13,358,608,628,6
525,14.3075,3,20.2621,2.2621,17.9967,0.002,17.6243,16.9713,0.3813,0.3677,0.02,3.9713,5.9725,6.7983,0.0599,0.0181,0.0126,0.0007,0.0022,0.002,0.1083,5.455,4.0216,3.9699,0.2951,0.2122,0.2666,1.8646,0.95592,0.22112,0.07216,0.5474,0,0,358,171,114,707849,412479,250127,11,13,358,608,628,6
526,14.3251,3,17.2113,2.3082,14.8997,0.0018,14.5681,13.9357,0.4222,0.3271,0.0194,3.3146,6.8873,3.5129,0.0415,0.029,0.0185,0.0007,0.0024,0.0021,0.1003,6.3123,3.4979,3.449,0.312,0.1707,0.2056,2.14972,1.31628,0.23468,0.49092,0.05004,0,0,358,171,114,707849,412479,250127,11,13,358,608,628,6
527,14.3436,3,17.9848,2.3719,15.6091,0.0023,15.3307,14.9396,0.2254,0.2735,0.0212,3.6134,8.3554,2.8282,0.0241,0.018,0.0109,0.0006,0.0015,0.0012,0.0604,7.7614,3.8565,3.797,0.4447,0.1223,0.1611,1.7756,1.24396,0.20588,0.06784,0.19496,0,0,358,171,114,707849,412479,250127,11,13,358,608,628,6
528,14.3617,3,17.6506,2.4327,15.2147,0.0024,14.9335,14.5444,0.2137,0.2763,0.0234,4.4421,6.646,3.3095,0.0269,0.0179,0.0115,0.0004,0.0015,0.0016,0.0585,6.1348,3.7967,3.7302,0.2557,0.1236,0.1708,1.268,0.85732,0.23116,0.0692,0.04968,0,4e-05,358,171,114,707849,412479,250127,11,13,358,608,628,6
529,14.3778,3,15.6959,2.5013,13.1912,0.002,12.9138,12.5238,0.2236,0.2725,0.0211,5.0781,4.5838,2.723,0.023,0.0169,0.0112,0.0003,0.0014,0.0011,0.0596,4.0239,3.7265,3.6716,0.2758,0.1245,0.1622,1.27088,0.85656,0.23512,0.07056,0.04948,0,0,358,171,114,707849,412479,250127,11,13,358,608,628,6
530,14.3969,3,18.6556,2.3613,16.2907,0.0023,16.0102,15.5885,0.2504,0.2752,0.0249,5.2586,6.9254,3.2265,0.0408,0.0232,0.0164,0.0006,0.0015,0.0017,0.0631,6.397,3.777,3.7159,0.2865,0.1291,0.1663,1.30904,0.88832,0.22964,0.0766,0.05128,0,0,358,171,114,707849,412479,250127,11,13,358,608,628,6
531,14.4154,3,18.0327,2.7265,15.3027,0.0021,14.9431,14.4682,0.2565,0.3541,0.0314,6.8209,4.6731,2.7829,0.0296,0.0187,0.0116,0.0005,0.0015,0.0021,0.0904,4.1401,3.7368,3.6825,0.2982,0.1588,0.2126,1.702,1.30244,0.21108,0.07568,0.05068,0,0,358,171,114,707849,412479,250127,11,13,358,608,628,6
532,14.4312,3,15.4692,3.2628,12.2027,0.0024,11.9004,11.3892,0.2578,0.2964,0.0257,3.7633,4.5745,2.8911,0.0315,0.019,0.0124,0.0005,0.0019,0.0014,0.0618,3.968,3.879,3.8188,0.3692,0.1898,0.2479,3.60744,3.18612,0.2316,0.07572,0.05092,0,0,358,171,114,707849,412479,250127,11,13,358,608,628,6
533,14.4517,3,20.2706,3.0659,17.2014,0.0024,16.7435,16.0352,0.429,0.452,0.0286,7.3128,4.4746,4.0006,0.0352,0.0194,0.0177,0.0004,0.0016,0.0015,0.1378,3.9678,3.648,3.591,0.2793,0.2065,0.2732,1.88268,1.45388,0.22148,0.08696,0.053,0,4e-05,358,171,114,707849,412479,250127,11,13,358,608,628,6
534,14.4684,3,16.4534,3.0438,13.4067,0.0019,12.9872,12.3578,0.3991,0.4144,0.0218,4.5114,3.8729,3.7223,0.0423,0.0329,0.0247,0.0007,0.0023,0.0021,0.1179,3.3818,3.632,3.4415,0.2493,0.1758,0.2249,1.51204,1.03628,0.27176,0.08,0.05684,0,0,358,171,114,707849,412479,250127,11,13,358,608,628,6
535,14.483,3,14.3088,2.678,11.627,0.0023,11.249,10.7347,0.3265,0.3724,0.0265,3.4035,4.143,2.9987,0.0274,0.0201,0.0155,0.0009,0.0023,0.0023,0.0883,3.6414,3.5025,3.4555,0.2504,0.1367,0.1821,1.81832,0.91408,0.70292,0.08324,0.05252,0,0,358,171,114,707849,412479,250127,11,13,358,608,628,6
536,14.4995,3,16.267,3.2514,13.0126,0.0024,12.6877,12.211,0.2439,0.3197,0.0214,5.3894,3.9038,2.7692,0.0271,0.0187,0.0125,0.0005,0.0013,0.0015,0.061,3.4317,3.4426,3.3962,0.2399,0.1741,0.2283,2.66336,2.20508,0.23888,0.09232,0.05536,0,0,358,171,114,707849,412479,250127,11,13,358,608,628,6
537,14.517,3,17.2295,3.1743,14.0524,0.0019,13.5809,12.8561,0.4234,0.4667,0.031,5.3614,3.9498,3.2824,0.0437,0.0466,0.0296,0.0013,0.0027,0.0021,0.0986,3.4651,3.8828,3.827,0.2515,0.2972,0.2963,2.99892,2.54492,0.23744,0.09096,0.05464,0,0,358,171,114,707849,412479,250127,11,13,358,608,628,6
538,14.532,3,14.3197,3.2094,11.1066,0.0023,10.8061,10.4245,0.216,0.2955,0.0268,3.4774,4.0353,2.7592,0.0265,0.0184,0.0128,0.0004,0.0022,0.0015,0.0592,3.5412,3.6714,3.6214,0.251,0.1201,0.1612,1.5798,1.11388,0.2416,0.09476,0.05616,0,0,358,171,114,707849,412479,250127,11,13,358,608,628,6
539,14.5526,3,20.0038,2.918,17.0816,0.0021,16.7694,16.252,0.2953,0.3069,0.022,7.4719,4.0654,4.4757,0.039,0.0269,0.0182,0.0005,0.0019,0.0019,0.1232,3.5514,3.7009,3.6426,0.2523,0.1626,0.212,1.79892,1.0806,0.3976,0.10768,0.11172,0,0,358,171,114,707849,412479,250127,11,13,358,608,628,6
540,14.5679,3,14.7773,2.8078,11.9656,0.0022,11.5971,10.9501,0.3359,0.3633,0.0254,3.1621,4.1623,3.4466,0.0283,0.0247,0.0147,0.0004,0.0019,0.0017,0.0769,3.6196,3.5731,3.5191,0.3068,0.2589,0.305,1.98116,1.52528,0.23504,0.09292,0.05548,0,0,358,171,114,707849,412479,250127,11,13,358,608,628,6
541,14.5885,3,19.9309,2.5194,17.4078,0.0023,17.0236,16.2751,0.5087,0.3789,0.0252,5.8834,4.1917,5.9562,0.0464,0.0316,0.0248,0.0007,0.0022,0.0019,0.1038,3.661,3.9988,3.9314,0.2791,0.2037,0.2345,2.76236,2.25608,0.262,0.10464,0.05952,0,0,358,171,114,707849,412479,250127,11,13,358,608,628,6
542,14.6085,3,19.5716,2.6552,16.9126,0.0024,16.592,16.0865,0.2769,0.3139,0.0242,3.7144,5.3001,6.8472,0.0418,0.0278,0.0243,0.0006,0.0021,0.0021,0.0956,4.7372,4.0316,3.9649,0.3166,0.1508,0.2238,2.004,0.98556,0.7958,0.09404,0.05592,0,0,358,171,114,707849,412479,250127,11,13,358,608,628,6
543,14.627,3,18.0221,3.1389,14.8794,0.0024,14.5325,14.0888,0.2614,0.3416,0.0254,4.461,6.1404,3.3178,0.0327,0.0208,0.0133,0.0005,0.0019,0.0019,0.067,5.5552,4.4499,4.3735,0.3597,0.1328,0.1772,2.04324,1.58928,0.23792,0.08996,0.05456,0,0,358,171,114,707849,412479,250127,11,13,358,608,628,6
544,14.6456,3,18.0265,2.2775,15.7454,0.0021,15.4513,15.0033,0.2737,0.2894,0.0225,3.6582,7.8882,3.2284,0.0292,0.0921,0.0126,0.0005,0.0017,0.0017,0.0636,7.3237,3.7078,3.6521,0.3392,0.1271,0.17,1.46396,1.00584,0.23212,0.0968,0.05636,4e-05,0,358,171,114,707849,412479,250127,11,13,358,608,628,6
545,14.6645,3,18.4573,2.5719,15.8812,0.0023,15.566,15.1726,0.2261,0.31,0.0252,7.2883,4.9301,2.8017,0.0263,0.0183,0.0122,0.0004,0.0014,0.0015,0.0627,4.3936,3.9193,3.8555,0.303,0.1263,0.1624,2.04004,1.56836,0.244,0.09708,0.05644,0,0,358,171,114,707849,412479,250127,11,13,358,608,628,6
546,14.6808,3,15.8464,2.5565,13.2866,0.002,13.0276,12.6366,0.2238,0.2544,0.0246,5.5048,4.2444,2.739,0.0247,0.0188,0.012,0.0004,0.0016,0.0016,0.0605,3.7485,3.7381,3.6809,0.2689,0.1255,0.1629,1.61096,0.9852,0.34108,0.09496,0.09636,0,0,358,171,114,707849,412479,250127,11,13,358,608,628,6
547,14.7,3,18.8731,2.6639,16.2056,0.0025,15.9021,15.4887,0.2441,0.2973,0.0272,6.6814,5.6443,2.9817,0.0403,0.0252,0.0154,0.0006,0.0019,0.0017,0.064,5.1427,3.8099,3.7484,0.2872,0.1271,0.1646,2.24076,1.07332,0.9242,0.1056,0.05944,0,0,358,171,114,707849,412479,250127,11,13,358,608,628,6
548,14.7174,3,16.7761,2.306,14.4667,0.002,14.1212,13.6049,0.3199,0.3403,0.0298,6.0161,4.274,3.1248,0.0355,0.0209,0.0145,0.0005,0.0016,0.0017,0.0811,3.766,4.0916,4.0319,0.2606,0.1502,0.1915,3.11864,2.6542,0.24116,0.09452,0.05588,0,0,358,171,114,707849,412479,250127,11,13,358,608,628,6
549,14.7327,3,14.995,2.6204,12.3716,0.002,12.1097,11.691,0.2497,0.257,0.0219,3.5618,4.1955,3.784,0.0279,0.0189,0.0117,0.0005,0.0014,0.0016,0.0614,3.7164,3.4989,3.4514,0.2537,0.1252,0.1647,1.58272,0.96952,0.32864,0.09348,0.09872,0,0,358,171,114,707849,412479,250127,11,13,358,608,628,6
550,14.7531,3,20.2589,2.4058,17.85,0.0022,17.5626,16.8972,0.4293,0.2822,0.0248,7.2471,4.9663,4.3961,0.0386,0.0297,0.0189,0.0008,0.0019,0.0022,0.165,4.4647,3.8057,3.7458,0.2921,0.2135,0.2316,2.10352,1.62576,0.24568,0.09904,0.0568,0,0,358,171,114,707849,412479,250127,11,13,358,608,628,6
551,14.7689,3,15.5298,2.1551,13.3713,0.0023,12.9654,12.3418,0.3554,0.4008,0.0205,4.3237,4.1617,3.6737,0.0338,0.0196,0.0109,0.0006,0.0018,0.0013,0.0894,3.669,3.627,3.5713,0.2376,0.1954,0.2629,3.77392,3.33408,0.23204,0.08616,0.0536,0,4e-05,358,171,114,707849,412479,250127,11,13,358,608,628,6
552,14.7824,3,13.2939,2.3119,10.9793,0.0023,10.7065,10.3266,0.2136,0.2679,0.0221,3.5872,3.8951,2.7088,0.02,0.0173,0.0109,0.0003,0.0014,0.0016,0.0578,3.4177,3.4749,3.4299,0.2426,0.1201,0.1611,1.89648,0.944,0.73996,0.08908,0.05428,0,0,358,171,114,707849,412479,250127,11,13,358,608,628,6
553,14.8026,3,20.0182,2.6425,17.373,0.0021,17.0188,16.2904,0.5293,0.3496,0.0443,8.1999,3.9498,3.8989,0.0381,0.0306,0.0188,0.0007,0.0023,0.0021,0.099,3.4809,3.6008,3.5485,0.2357,0.1754,0.195,2.1558,1.665,0.25256,0.10276,0.0584,0,0,358,171,114,707849,412479,250127,11,13,358,608,628,6
554,14.8181,3,15.1874,2.5612,12.6231,0.0022,12.2565,11.6489,0.3605,0.3618,0.0222,4.5673,3.8395,3.0663,0.023,0.019,0.0121,0.0003,0.0015,0.0015,0.0908,3.3616,3.4293,3.3821,0.2314,0.1968,0.2418,3.86024,3.41036,0.23532,0.08956,0.05456,0,0,358,171,114,707849,412479,250127,11,13,358,608,628,6
555,14.8332,3,14.7111,2.5564,12.1513,0.0021,11.8423,11.2305,0.3503,0.3038,0.022,3.647,4.1144,3.2243,0.0502,0.0313,0.021,0.0008,0.003,0.0025,0.1053,3.6206,3.8427,3.7838,0.262,0.1914,0.2557,1.97688,1.5158,0.24028,0.09348,0.05548,0,0,358,171,114,707849,412479,250127,11,13,358,608,628,6
556,14.8528,3,19.4248,3.282,16.139,0.0024,15.7196,14.9755,0.3725,0.4142,0.0293,6.3903,4.2437,4.0614,0.0418,0.031,0.0185,0.0007,0.0026,0.0023,0.1461,3.7185,3.6983,3.6486,0.2568,0.3183,0.3656,3.19256,2.68912,0.2586,0.10568,0.05916,0,0,358,171,114,707849,412479,250127,11,13,358,608,628,6
557,14.8692,3,16.1824,2.3482,13.831,0.0021,13.0416,12.2081,0.5313,0.7836,0.0212,4.5556,4.1726,3.306,0.0328,0.0244,0.0142,0.0006,0.0021,0.0019,0.0712,3.6333,3.7247,3.6669,0.2629,0.3201,0.2965,3.8652,0.99388,2.64696,0.09472,0.05644,0,0,358,171,114,707849,412479,250127,11,13,358,608,628,6
558,14.8831,3,13.6467,2.787,10.8569,0.0025,10.5434,10.1133,0.2057,0.3078,0.0227,3.3023,3.9313,2.7501,0.02,0.0161,0.0089,0.0004,0.0015,0.0015,0.0546,3.4638,3.59,3.5424,0.2407,0.1571,0.2194,1.64412,1.15648,0.252,0.10136,0.05756,0,0,358,171,114,707849,412479,250127,11,13,358,608,628,6
559,14.9032,3,19.8661,2.6547,17.2075,0.0021,16.8627,16.462,0.2304,0.3398,0.0201,7.2097,4.269,4.8002,0.0272,0.0184,0.016,0.0007,0.0023,0.0019,0.0905,3.7654,3.8621,3.8079,0.2423,0.1265,0.166,3.48756,2.96,0.2698,0.1126,0.06128,0,0,358,171,114,707849,412479,250127,11,13,358,608,628,6
560,14.9179,3,14.473,2.8992,11.5712,0.0018,11.2033,10.6709,0.3305,0.363,0.0257,3.5077,4.1423,2.8473,0.034,0.0264,0.0168,0.0007,0.0024,0.0021,0.0597,3.6468,3.7504,3.694,0.2639,0.149,0.1968,2.06192,1.58932,0.245,0.0974,0.05628,0,0,358,171,114,707849,412479,250127,11,13,358,608,628,6
561,14.9358,3,17.3905,2.5312,14.8557,0.002,14.4139,13.7466,0.3712,0.436,0.0217,5.6643,4.34,3.5032,0.032,0.0246,0.0156,0.0005,0.0015,0.0017,0.1366,3.774,3.6076,3.5576,0.2767,0.2392,0.29,1.86504,1.12976,0.39928,0.11396,0.1156,0,0,358,171,114,707849,412479,250127,11,13,358,608,628,6
